entry_time,exit_time,direction,killzone,entry,stop,target,exit,outcome,r
2020-05-21 10:10:00-04:00,2020-05-21 12:10:00-04:00,short,am,9452.1,9514.430714285714,9327.438571428573,9434.9,expired,0.2438605136197606
2020-05-22 10:20:00-04:00,2020-05-22 12:20:00-04:00,short,am,9370.9,9403.377857142856,9305.944285714288,9374.1,expired,-0.1601090853108991
2020-05-27 10:20:00-04:00,2020-05-27 10:35:00-04:00,long,am,9288.3,9260.285714285714,9344.32857142857,9260.285714285714,loss,-1.0713921468638454
2020-05-28 10:15:00-04:00,2020-05-28 12:15:00-04:00,long,am,9457.0,9360.886428571428,9649.227142857144,9523.1,expired,0.6669193439309152
2020-05-29 10:05:00-04:00,2020-05-29 10:10:00-04:00,short,am,9460.7,9486.019285714288,9410.06142857143,9410.06142857143,win,1.9210088300843515
2020-06-02 10:10:00-04:00,2020-06-02 10:45:00-04:00,long,am,9587.0,9560.410714285714,9640.178571428572,9560.410714285714,loss,-1.075218267293484
2020-06-08 10:10:00-04:00,2020-06-08 12:10:00-04:00,short,am,9767.9,9831.67,9640.36,9795.5,expired,-0.4641681041241988
2020-06-12 10:20:00-04:00,2020-06-12 10:50:00-04:00,short,am,9792.2,9851.048571428571,9674.50285714286,9674.50285714286,win,1.9660144681264256
2020-06-19 10:05:00-04:00,2020-06-19 10:45:00-04:00,short,am,10109.8,10124.221428571427,10080.95714285714,10080.95714285714,win,1.8613174839029327
2020-06-24 10:10:00-04:00,2020-06-24 12:10:00-04:00,short,am,10123.0,10233.892142857145,9901.215714285714,9964.9,expired,1.4076741235048231
2020-06-26 10:25:00-04:00,2020-06-26 12:25:00-04:00,short,am,9941.6,10095.547857142858,9633.704285714286,9924.9,expired,0.0954868763542433
2020-06-29 10:05:00-04:00,2020-06-29 12:00:00-04:00,long,am,9802.3,9738.689285714288,9929.521428571425,9929.521428571425,win,1.9685587558250512
2020-06-30 10:25:00-04:00,2020-06-30 12:25:00-04:00,long,am,10032.6,9951.79,10194.22,10099.0,expired,0.7969310728870195
2020-07-06 10:05:00-04:00,2020-07-06 12:05:00-04:00,long,am,10524.5,10469.755,10633.989999999998,10586.4,expired,1.0941638505799751
2020-07-09 10:25:00-04:00,2020-07-09 10:40:00-04:00,short,am,10728.5,10754.867142857143,10675.765714285712,10675.765714285712,win,1.924148019721516
2020-07-16 10:10:00-04:00,2020-07-16 12:10:00-04:00,short,am,10547.0,10611.209285714283,10418.58142857143,10550.2,expired,-0.0809851712591756
2020-07-21 10:25:00-04:00,2020-07-21 10:40:00-04:00,long,am,10907.0,10877.535714285714,10965.928571428572,10877.535714285714,loss,-1.0678787878787868
2020-07-23 10:25:00-04:00,2020-07-23 12:25:00-04:00,short,am,10822.1,10881.047857142858,10704.204285714286,10723.4,expired,1.640432828044167
2020-07-29 10:10:00-04:00,2020-07-29 12:10:00-04:00,long,am,10626.3,10577.374285714286,10724.151428571426,10605.9,expired,-0.4578369539827172
2020-07-31 10:25:00-04:00,2020-07-31 12:25:00-04:00,short,am,10765.2,10915.875714285714,10463.848571428574,10770.4,expired,-0.0477847411185732
2020-08-06 10:05:00-04:00,2020-08-06 12:05:00-04:00,long,am,11114.5,11079.121428571429,11185.257142857145,11147.6,expired,0.8790631940238355
2020-08-07 10:25:00-04:00,2020-08-07 10:50:00-04:00,short,am,11231.4,11255.853571428572,11182.492857142855,11255.853571428572,loss,-1.0817876442237453
2020-08-11 10:15:00-04:00,2020-08-11 11:05:00-04:00,short,am,10991.7,11048.84857142857,10877.40285714286,11048.84857142857,loss,-1.034996500349966
2020-08-17 10:05:00-04:00,2020-08-17 12:05:00-04:00,long,am,11266.4,11226.214285714286,11346.771428571426,11258.2,expired,-0.2538215428368074
2020-08-18 10:15:00-04:00,2020-08-18 12:15:00-04:00,short,am,11333.5,11387.757857142857,11224.984285714288,11370.7,expired,-0.7224760074248826
2020-08-27 10:15:00-04:00,2020-08-27 11:45:00-04:00,short,am,11969.4,12044.726428571428,11818.747142857144,12044.726428571428,loss,-1.0265511061380468
2020-08-28 10:05:00-04:00,2020-08-28 12:05:00-04:00,long,am,11992.8,11947.692142857142,12083.015714285712,12000.4,expired,0.1241468860350672
2020-09-01 10:10:00-04:00,2020-09-01 12:10:00-04:00,long,am,12210.7,12124.1,12383.900000000003,12252.9,expired,0.4642032332563267
2020-09-09 10:05:00-04:00,2020-09-09 11:00:00-04:00,long,am,11259.5,11187.455,11403.59,11403.59,win,1.9722395724894164
2020-09-10 10:10:00-04:00,2020-09-10 10:45:00-04:00,long,am,11538.1,11454.377857142856,11705.544285714286,11454.377857142856,loss,-1.0238885428842002
2020-09-11 10:05:00-04:00,2020-09-11 12:05:00-04:00,short,am,11166.4,11284.69142857143,10929.81714285714,11134.0,expired,0.2569924158253152
2020-09-16 10:25:00-04:00,2020-09-16 12:25:00-04:00,short,am,11429.0,11493.48142857143,11300.037142857142,11389.7,expired,0.5784611294503231
2020-09-18 10:10:00-04:00,2020-09-18 10:30:00-04:00,long,am,11088.8,11032.232857142855,11201.934285714284,11032.232857142855,loss,-1.035356213854585
2020-09-24 10:10:00-04:00,2020-09-24 12:10:00-04:00,long,am,10909.5,10683.185714285712,11362.128571428571,10970.8,expired,0.2620249968438286
2020-09-30 10:05:00-04:00,2020-09-30 12:05:00-04:00,long,am,11421.1,11317.69,11627.92,11506.5,expired,0.8064984044096292
2020-10-05 10:20:00-04:00,2020-10-05 12:20:00-04:00,long,am,11415.9,11333.806428571428,11580.087142857144,11459.9,expired,0.5116113146148553
2020-10-15 10:15:00-04:00,2020-10-15 12:15:00-04:00,short,am,11847.8,11895.702142857142,11751.995714285713,11822.7,expired,0.4822331240773263
2020-10-19 10:15:00-04:00,2020-10-19 12:15:00-04:00,short,am,11855.9,11965.792142857144,11636.115714285714,11777.4,expired,0.6961371214632522
2020-10-20 10:15:00-04:00,2020-10-20 11:00:00-04:00,long,am,11722.7,11642.297142857144,11883.505714285717,11642.297142857144,loss,-1.0248747379268683
2020-10-23 10:10:00-04:00,2020-10-23 12:10:00-04:00,short,am,11620.1,11695.947857142855,11468.404285714289,11606.9,expired,0.1476640266699415
2020-10-27 10:25:00-04:00,2020-10-27 11:10:00-04:00,short,am,11524.2,11592.445714285715,11387.708571428571,11592.445714285715,loss,-1.0293058695470148
2020-11-09 10:25:00-05:00,2020-11-09 12:25:00-05:00,long,am,12238.2,12045.869285714289,12622.861428571428,12124.9,expired,-0.599488232694436
2020-11-24 10:05:00-05:00,2020-11-24 11:05:00-05:00,long,am,11923.3,11878.684285714286,12012.531428571428,12012.531428571428,win,1.955172745028977
2020-11-25 10:10:00-05:00,2020-11-25 12:10:00-05:00,short,am,12113.1,12153.281428571428,12032.737142857144,12117.1,expired,-0.1493227148291694
2020-12-01 10:25:00-05:00,2020-12-01 12:25:00-05:00,long,am,12406.6,12336.583571428571,12546.632857142858,12481.4,expired,1.039755975638353
2020-12-02 10:05:00-05:00,2020-12-02 12:05:00-05:00,long,am,12371.1,12315.865,12481.570000000002,12470.9,expired,1.770616456956608
2020-12-03 10:25:00-05:00,2020-12-03 11:10:00-05:00,long,am,12518.5,12463.076428571429,12629.347142857145,12463.076428571429,loss,-1.0360857293828052
2020-12-11 10:20:00-05:00,2020-12-11 11:35:00-05:00,long,am,12339.2,12277.257142857145,12463.085714285717,12277.257142857145,loss,-1.0322878228782284
2020-12-14 10:10:00-05:00,2020-12-14 12:10:00-05:00,long,am,12515.8,12426.763571428572,12693.872857142856,12536.0,expired,0.2044107147154958
2020-12-18 10:10:00-05:00,2020-12-18 12:10:00-05:00,short,am,12727.0,12801.674285714284,12577.65142857143,12719.5,expired,0.073653198653199
2020-12-28 10:25:00-05:00,2020-12-28 11:25:00-05:00,short,am,12791.0,12837.752142857142,12697.495714285717,12837.752142857142,loss,-1.0427787878324914
2020-12-29 10:20:00-05:00,2020-12-29 12:20:00-05:00,short,am,12871.5,12934.242857142855,12746.014285714286,12841.3,expired,0.4494535519125791
2020-12-31 10:10:00-05:00,2020-12-31 11:40:00-05:00,long,am,12852.9,12835.31142857143,12888.07714285714,12835.31142857143,loss,-1.1137102014295055
2021-01-05 10:25:00-05:00,2021-01-05 12:25:00-05:00,short,am,12756.4,12796.102857142858,12676.994285714283,12723.1,expired,0.7883563615428508
2021-01-13 10:10:00-05:00,2021-01-13 10:30:00-05:00,short,am,12929.3,12960.474285714286,12866.951428571423,12960.474285714286,loss,-1.0641554394647572
2021-01-15 10:15:00-05:00,2021-01-15 12:15:00-05:00,short,am,12849.9,12946.031428571428,12657.637142857142,12860.2,expired,-0.1279498305890855
2021-01-18 10:05:00-05:00,2021-01-18 12:05:00-05:00,long,am,12822.6,12797.392142857145,12873.015714285715,12825.4,expired,0.0317361366920452
2021-01-20 10:20:00-05:00,2021-01-20 12:20:00-05:00,long,am,13238.5,13133.275,13448.949999999995,13267.3,expired,0.25469232596816
2021-01-21 10:20:00-05:00,2021-01-21 12:20:00-05:00,long,am,13378.0,13294.544285714286,13544.911428571428,13352.5,expired,-0.3295160820965799
2021-01-26 10:10:00-05:00,2021-01-26 12:10:00-05:00,long,am,13487.8,13439.042857142858,13585.31428571428,13502.8,expired,0.2666276003516073
2021-01-27 10:10:00-05:00,2021-01-27 12:10:00-05:00,long,am,13334.6,13181.964285714286,13639.871428571429,13284.4,expired,-0.3419907342411956
2021-02-02 10:25:00-05:00,2021-02-02 12:25:00-05:00,long,am,13395.9,13346.07,13495.56,13473.1,expired,1.5091310455549034
2021-02-25 10:20:00-05:00,2021-02-25 12:20:00-05:00,short,am,13177.5,13296.954285714286,12938.591428571428,12989.5,expired,1.557081011265513
2021-03-03 10:05:00-05:00,2021-03-03 12:05:00-05:00,short,am,12919.6,13059.81357142857,12639.17285714286,12893.7,expired,0.1704542560074158
2021-03-18 10:15:00-04:00,2021-03-18 12:15:00-04:00,short,am,12961.6,13041.087857142857,12802.624285714288,13003.2,expired,-0.5485114527825563
2021-03-19 10:10:00-04:00,2021-03-19 10:50:00-04:00,short,am,12747.0,12856.357142857143,12528.285714285714,12856.357142857143,loss,-1.0182887001959504
2021-03-23 10:15:00-04:00,2021-03-23 12:15:00-04:00,long,am,13130.7,13065.277857142855,13261.544285714288,13107.8,expired,-0.3806050812852968
2021-03-24 10:25:00-04:00,2021-03-24 12:25:00-04:00,short,am,12961.8,13101.18642857143,12683.02714285714,12995.6,expired,-0.2568399260022295
2021-03-25 10:10:00-04:00,2021-03-25 10:45:00-04:00,long,am,12816.5,12701.307142857142,13046.885714285716,12701.307142857142,loss,-1.017362187635642
2021-03-29 10:10:00-04:00,2021-03-29 12:10:00-04:00,short,am,12880.9,12997.048571428571,12648.602857142856,12882.0,expired,-0.0266899537538158
2021-03-30 10:25:00-04:00,2021-03-30 11:30:00-04:00,short,am,12839.3,12906.350714285714,12705.19857142857,12906.350714285714,loss,-1.029828168443928
2021-04-01 10:20:00-04:00,2021-04-01 12:20:00-04:00,long,am,13319.7,13249.272857142856,13460.55428571429,13305.2,expired,-0.2342846710886571
2021-04-08 10:15:00-04:00,2021-04-08 12:15:00-04:00,short,am,13733.7,13770.984285714285,13659.131428571432,13755.8,expired,-0.6463849189624009
2021-04-12 10:10:00-04:00,2021-04-12 10:40:00-04:00,long,am,13797.2,13754.888571428572,13881.82285714286,13754.888571428572,loss,-1.0472685529070154
2021-04-13 10:25:00-04:00,2021-04-13 12:25:00-04:00,short,am,13939.8,13964.576428571429,13890.24714285714,13925.1,expired,0.5125839651742141
2021-04-15 10:10:00-04:00,2021-04-15 10:25:00-04:00,short,am,13981.9,13998.65,13948.4,13998.65,loss,-1.1194029850746268
2021-04-16 10:15:00-04:00,2021-04-16 12:15:00-04:00,long,am,14024.4,13957.24,14158.72,14039.1,expired,0.1891006551518873
2021-04-19 10:20:00-04:00,2021-04-19 12:20:00-04:00,short,am,13943.5,14030.290714285717,13769.91857142857,13898.4,expired,0.4965969038820822
2021-04-28 10:10:00-04:00,2021-04-28 12:00:00-04:00,long,am,13977.4,13898.45,14135.299999999996,13898.45,loss,-1.0253324889170363
2021-04-30 10:05:00-04:00,2021-04-30 12:05:00-04:00,long,am,13911.0,13847.35,14038.3,13921.8,expired,0.1382560879811362
2021-05-04 10:05:00-04:00,2021-05-04 12:05:00-04:00,short,am,13556.2,13711.515714285715,13245.568571428572,13440.1,expired,0.7346326836581726
2021-05-05 10:10:00-04:00,2021-05-05 12:10:00-04:00,short,am,13574.2,13680.974285714286,13360.65142857143,13625.7,expired,-0.501056969307752
2021-05-13 10:10:00-04:00,2021-05-13 11:40:00-04:00,long,am,13184.6,13093.623571428572,13366.552857142857,13093.623571428572,loss,-1.0219837163472485
2021-05-17 10:25:00-04:00,2021-05-17 11:50:00-04:00,long,am,13286.9,13243.387142857144,13373.925714285711,13243.387142857144,loss,-1.0459634262451178
2021-05-21 10:05:00-04:00,2021-05-21 10:15:00-04:00,long,am,13514.4,13488.316428571428,13566.567142857142,13488.316428571428,loss,-1.076676616370458
2021-06-01 10:25:00-04:00,2021-06-01 12:25:00-04:00,short,am,13668.5,13779.580714285714,13446.338571428572,13666.2,expired,0.0027007388449774
2021-06-02 10:05:00-04:00,2021-06-02 10:40:00-04:00,short,am,13688.7,13713.227857142856,13639.64428571429,13713.227857142856,loss,-1.0815399400099075
2021-06-03 10:15:00-04:00,2021-06-03 12:15:00-04:00,long,am,13527.7,13462.240714285714,13658.618571428577,13543.3,expired,0.2077627314688255
2021-06-04 10:15:00-04:00,2021-06-04 12:15:00-04:00,long,am,13722.9,13606.04357142857,13956.612857142858,13760.2,expired,0.3020800860641034
2021-07-01 10:25:00-04:00,2021-07-01 12:25:00-04:00,short,am,14547.3,14586.617142857143,14468.665714285711,14529.1,expired,0.4120340091562709
2021-07-05 10:10:00-04:00,2021-07-05 12:10:00-04:00,long,am,14710.8,14705.242857142855,14721.914285714283,14709.9,expired,-0.5218508997429432
2021-07-06 10:15:00-04:00,2021-07-06 10:30:00-04:00,long,am,14780.8,14744.940714285714,14852.518571428567,14744.940714285714,loss,-1.0557735593490445
2021-07-07 10:10:00-04:00,2021-07-07 10:40:00-04:00,short,am,14846.4,14897.364285714286,14744.471428571427,14744.471428571427,win,1.960756832515768
2021-07-14 10:10:00-04:00,2021-07-14 11:25:00-04:00,long,am,14988.1,14945.472857142857,15073.354285714287,14945.472857142857,loss,-1.0469184624149594
2021-07-20 10:25:00-04:00,2021-07-20 12:25:00-04:00,long,am,14602.5,14525.059285714286,14757.381428571429,14722.5,expired,1.5237462759530307
2021-07-26 10:10:00-04:00,2021-07-26 12:10:00-04:00,long,am,15108.8,15051.18142857143,15224.037142857138,15133.2,expired,0.3887635435003988
2021-07-27 10:20:00-04:00,2021-07-27 12:20:00-04:00,short,am,14992.4,15123.575714285716,14730.04857142857,14858.6,expired,1.0047591562026834
2021-07-30 10:10:00-04:00,2021-07-30 12:10:00-04:00,long,am,14980.1,14867.015,15206.270000000002,14953.7,expired,-0.2511385241190201
2021-08-03 10:15:00-04:00,2021-08-03 11:55:00-04:00,short,am,14915.6,15023.217857142858,14700.364285714286,15023.217857142858,loss,-1.0185842763747386
2021-08-11 10:20:00-04:00,2021-08-11 12:20:00-04:00,short,am,15062.5,15131.395,14924.71,15008.6,expired,0.7533202699760404
2021-08-13 10:25:00-04:00,2021-08-13 12:25:00-04:00,long,am,15124.3,15076.373571428572,15220.152857142852,15114.5,expired,-0.2462107098677957
2021-08-23 10:10:00-04:00,2021-08-23 12:10:00-04:00,long,am,15232.6,15127.715,15442.37,15313.2,expired,0.749392191447778
2021-08-27 10:25:00-04:00,2021-08-27 12:25:00-04:00,long,am,15394.1,15273.309285714286,15635.68142857143,15411.9,expired,0.1308047567516359
2021-08-30 10:10:00-04:00,2021-08-30 12:10:00-04:00,long,am,15546.0,15448.437142857145,15741.125714285714,15578.9,expired,0.3167188918499398
2021-09-03 10:15:00-04:00,2021-09-03 12:15:00-04:00,long,am,15627.8,15551.502857142856,15780.394285714285,15650.3,expired,0.2686863391252284
2021-09-06 10:10:00-04:00,2021-09-06 12:10:00-04:00,long,am,15704.6,15686.602857142856,15740.594285714287,15698.6,expired,-0.4445150023812934
2021-09-15 10:20:00-04:00,2021-09-15 12:20:00-04:00,short,am,15345.9,15450.162857142856,15137.374285714284,15392.0,expired,-0.4613339910117296
2021-09-21 10:05:00-04:00,2021-09-21 12:05:00-04:00,short,am,15098.4,15152.201428571429,14990.797142857142,15131.6,expired,-0.6542577201880023
2021-09-22 10:10:00-04:00,2021-09-22 12:10:00-04:00,long,am,15108.2,15031.490000000002,15261.62,15182.1,expired,0.937296310780869
2021-09-23 10:10:00-04:00,2021-09-23 12:10:00-04:00,long,am,15328.7,15191.77714285714,15602.54571428572,15307.8,expired,-0.1672474594662349
2021-09-24 10:05:00-04:00,2021-09-24 12:05:00-04:00,long,am,15261.2,15200.164285714289,15383.271428571428,15270.2,expired,0.1146869514335878
2021-09-28 10:25:00-04:00,2021-09-28 12:25:00-04:00,short,am,14892.6,15050.24857142857,14577.30285714286,14835.2,expired,0.3514145386664742
2021-10-06 10:10:00-04:00,2021-10-06 10:20:00-04:00,short,am,14596.4,14656.382142857145,14476.435714285712,14656.382142857145,loss,-1.0333432569217027
2021-10-13 10:20:00-04:00,2021-10-13 12:20:00-04:00,short,am,14717.6,14796.661428571428,14559.477142857146,14731.4,expired,-0.1998446054604858
2021-10-14 10:25:00-04:00,2021-10-14 12:25:00-04:00,long,am,14987.6,14903.687142857145,15155.425714285717,15043.1,expired,0.6375661826044011
2021-10-19 10:05:00-04:00,2021-10-19 10:55:00-04:00,short,am,15361.1,15381.32142857143,15320.657142857142,15381.32142857143,loss,-1.098904980572234
2021-10-25 10:05:00-04:00,2021-10-25 12:05:00-04:00,long,am,15399.9,15336.170714285714,15527.358571428573,15475.4,expired,1.153315923381268
2021-10-26 10:25:00-04:00,2021-10-26 12:00:00-04:00,long,am,15697.5,15593.817857142858,15904.864285714284,15593.817857142858,loss,-1.0192897247769628
2021-10-27 10:10:00-04:00,2021-10-27 10:50:00-04:00,short,am,15606.9,15665.831428571428,15489.037142857143,15665.831428571428,loss,-1.0339377484728016
2021-11-02 10:15:00-04:00,2021-11-02 11:40:00-04:00,short,am,15940.7,15984.625714285716,15852.84857142857,15984.625714285716,loss,-1.0455314166775067
2021-11-05 10:05:00-04:00,2021-11-05 12:05:00-04:00,long,am,16413.4,16383.637142857144,16472.925714285717,16439.0,expired,0.7929346260919018
2021-11-09 10:15:00-05:00,2021-11-09 12:15:00-05:00,short,am,16264.3,16405.34571428571,15982.208571428577,16228.8,expired,0.2375116476927475
2021-11-17 10:15:00-05:00,2021-11-17 11:55:00-05:00,long,am,16313.1,16273.013571428572,16393.27285714286,16393.27285714286,win,1.950107802783272
2021-11-30 10:20:00-05:00,2021-11-30 10:45:00-05:00,long,am,16394.9,16319.37,16545.960000000003,16319.37,loss,-1.0264795445518335
2021-12-01 10:20:00-05:00,2021-12-01 12:20:00-05:00,long,am,16325.2,16270.442857142858,16434.714285714286,16348.0,expired,0.3798591181841774
2021-12-10 10:25:00-05:00,2021-12-10 10:45:00-05:00,long,am,16297.8,16199.405,16494.589999999997,16199.405,loss,-1.0203262360892325
2021-12-16 10:15:00-05:00,2021-12-16 12:15:00-05:00,short,am,16161.5,16363.760714285716,15756.978571428568,15979.1,expired,0.8919181396005771
2021-12-17 10:20:00-05:00,2021-12-17 10:45:00-05:00,short,am,15709.3,15863.708571428571,15400.482857142855,15863.708571428571,loss,-1.012952648816683
2021-12-22 10:10:00-05:00,2021-12-22 10:35:00-05:00,short,am,15995.7,16061.335,15864.43,16061.335,loss,-1.0304715471928083
2021-12-28 10:25:00-05:00,2021-12-28 12:25:00-05:00,short,am,16563.3,16625.202857142856,16439.494285714285,16521.9,expired,0.636481122496042
2021-12-29 10:20:00-05:00,2021-12-29 12:20:00-05:00,short,am,16450.2,16565.517857142855,16219.564285714292,16448.0,expired,0.0017343367710429
2022-01-06 10:15:00-05:00,2022-01-06 10:55:00-05:00,short,am,15694.7,15865.73142857143,15352.637142857144,15865.73142857143,loss,-1.0116937572041895
2022-01-11 10:10:00-05:00,2022-01-11 12:10:00-05:00,long,am,15614.3,15481.35714285714,15880.185714285715,15822.2,expired,1.5487857296367946
2022-01-17 10:20:00-05:00,2022-01-17 12:20:00-05:00,long,am,15573.5,15555.128571428571,15610.242857142855,15583.5,expired,0.4354587869362351
2022-01-18 10:15:00-05:00,2022-01-18 11:30:00-05:00,long,am,15409.7,15282.150714285715,15664.798571428571,15282.150714285715,loss,-1.0156802132509002
2022-01-26 10:10:00-05:00,2022-01-26 10:40:00-05:00,long,am,14456.9,14361.759285714284,14647.18142857143,14361.759285714284,loss,-1.0210214944781038
2022-02-03 10:25:00-05:00,2022-02-03 11:55:00-05:00,long,am,14801.7,14682.695714285714,15039.708571428577,14682.695714285714,loss,-1.016806117426743
2022-02-07 10:20:00-05:00,2022-02-07 11:40:00-05:00,short,am,14743.4,14822.53,14585.14,14585.14,win,1.9747251358523945
2022-02-08 10:25:00-05:00,2022-02-08 10:45:00-05:00,long,am,14515.3,14475.492857142855,14594.914285714283,14594.914285714283,win,1.949757760631616
2022-02-11 10:05:00-05:00,2022-02-11 12:05:00-05:00,short,am,14685.5,14779.627142857144,14497.245714285713,14577.5,expired,1.1261363808829918
2022-02-14 10:10:00-05:00,2022-02-14 11:15:00-05:00,short,am,14287.7,14346.679999999998,14169.740000000003,14346.679999999998,loss,-1.0339097999321818
2022-02-23 10:10:00-05:00,2022-02-23 12:10:00-05:00,short,am,13886.0,14040.286428571428,13577.427142857145,13810.9,expired,0.4737941028050847
2022-02-24 10:25:00-05:00,2022-02-24 12:25:00-05:00,long,am,13370.9,13055.685,14001.33,13454.1,expired,0.2576019542217239
2022-02-25 10:05:00-05:00,2022-02-25 10:45:00-05:00,short,am,13926.2,14048.190714285714,13682.218571428572,14048.190714285714,loss,-1.0163946904623888
2022-03-01 10:25:00-05:00,2022-03-01 10:55:00-05:00,long,am,14235.3,14147.007857142857,14411.884285714284,14147.007857142857,loss,-1.022652072260111
2022-03-02 10:20:00-05:00,2022-03-02 11:00:00-05:00,short,am,14007.6,14137.68785714286,13747.424285714284,14137.68785714286,loss,-1.0153742251116002
2022-03-04 10:05:00-05:00,2022-03-04 10:10:00-05:00,long,am,13863.9,13822.557142857142,13946.585714285717,13822.557142857142,loss,-1.0483759502418792
2022-03-07 10:05:00-05:00,2022-03-07 12:05:00-05:00,short,am,13687.7,13885.904285714283,13291.291428571432,13545.2,expired,0.708864591366777
2022-03-08 10:10:00-05:00,2022-03-08 12:10:00-05:00,short,am,13186.9,13380.273571428572,12800.152857142855,13380.273571428572,loss,-1.0103426749851323
2022-03-15 10:10:00-04:00,2022-03-15 11:05:00-04:00,long,am,13166.1,13086.557142857142,13325.185714285715,13325.185714285715,win,1.9748563218390809
2022-03-17 10:10:00-04:00,2022-03-17 12:10:00-04:00,long,am,13961.7,13818.719285714284,14247.661428571431,13937.3,expired,-0.184640286152487
2022-03-23 10:20:00-04:00,2022-03-23 12:20:00-04:00,long,am,14568.2,14462.278571428573,14780.042857142857,14625.9,expired,0.5258614876255916
2022-03-25 10:05:00-04:00,2022-03-25 11:25:00-04:00,short,am,14740.9,14813.634285714284,14595.43142857143,14595.43142857143,win,1.9725026515300308
2022-04-04 10:05:00-04:00,2022-04-04 12:05:00-04:00,long,am,15045.5,14886.977857142858,15362.544285714284,15110.3,expired,0.3961591665878105
2022-04-06 10:10:00-04:00,2022-04-06 12:10:00-04:00,short,am,14479.7,14646.049285714284,14147.001428571431,14460.9,expired,0.100992318228863
2022-04-13 10:25:00-04:00,2022-04-13 12:25:00-04:00,long,am,14074.8,13920.579285714286,14383.241428571426,14166.6,expired,0.5822823504346848
2022-04-14 10:15:00-04:00,2022-04-14 12:15:00-04:00,short,am,14066.1,14251.635714285714,13695.028571428573,14013.9,expired,0.2705678537054907
2022-04-18 10:10:00-04:00,2022-04-18 12:10:00-04:00,long,am,13893.7,13827.88357142857,14025.33285714286,13827.88357142857,loss,-1.030387549786744
2022-04-27 10:20:00-04:00,2022-04-27 12:20:00-04:00,short,am,13015.0,13265.652857142855,12513.694285714286,13200.1,expired,-0.7464506973218525
2022-05-03 10:05:00-04:00,2022-05-03 12:05:00-04:00,long,am,13071.0,12971.371428571429,13270.257142857145,13047.5,expired,-0.2559506739317466
2022-05-04 10:20:00-04:00,2022-05-04 12:20:00-04:00,short,am,12968.6,13125.581428571428,12654.637142857146,13037.6,expired,-0.4522827996032322
2022-05-05 10:10:00-04:00,2022-05-05 12:10:00-04:00,short,am,13113.2,13389.417857142857,12560.76428571429,12893.0,expired,0.78995616813851
2022-05-06 10:10:00-04:00,2022-05-06 10:15:00-04:00,long,am,12603.0,12516.40142857143,12776.19714285714,12776.19714285714,win,1.9769049307972744
2022-05-10 10:10:00-04:00,2022-05-10 10:40:00-04:00,long,am,12468.2,12338.204285714284,12728.191428571434,12338.204285714284,loss,-1.0153851225864583
2022-05-20 10:15:00-04:00,2022-05-20 12:10:00-04:00,short,am,11912.6,12054.106428571427,11629.587142857146,11629.587142857146,win,1.985866366495212
2022-05-23 10:10:00-04:00,2022-05-23 11:30:00-04:00,short,am,11843.0,11981.440714285714,11566.118571428571,11981.440714285714,loss,-1.0144466171698046
2022-05-24 10:20:00-04:00,2022-05-24 12:20:00-04:00,short,am,11613.4,11853.492142857142,11133.215714285716,11744.9,expired,-0.5560365216925668
2022-06-06 10:10:00-04:00,2022-06-06 11:15:00-04:00,long,am,12777.8,12668.022142857142,12997.355714285712,12668.022142857142,loss,-1.018218610310432
2022-06-08 10:20:00-04:00,2022-06-08 12:20:00-04:00,short,am,12758.1,12796.428571428572,12681.442857142856,12699.0,expired,1.489750279537814
2022-06-14 10:05:00-04:00,2022-06-14 10:30:00-04:00,long,am,11336.1,11263.810714285712,11480.678571428574,11263.810714285712,loss,-1.0276666172619926
2022-06-21 10:10:00-04:00,2022-06-21 12:10:00-04:00,long,am,11591.8,11443.625714285714,11888.14857142857,11587.9,expired,-0.0398179749715562
2022-06-23 10:05:00-04:00,2022-06-23 12:05:00-04:00,long,am,11601.7,11514.582857142856,11775.934285714293,11588.8,expired,-0.1710340756288862
2022-06-24 10:25:00-04:00,2022-06-24 12:25:00-04:00,long,am,12008.0,11810.997142857144,12402.005714285717,11991.1,expired,-0.0959376948847712
2022-06-30 10:10:00-04:00,2022-06-30 11:25:00-04:00,short,am,11381.1,11566.105714285712,11011.088571428574,11566.105714285712,loss,-1.0108104768964663
2022-07-08 10:20:00-04:00,2022-07-08 11:25:00-04:00,long,am,12027.5,11950.913571428571,12180.672857142858,12180.672857142858,win,1.9738857126868803
2022-07-12 10:10:00-04:00,2022-07-12 12:10:00-04:00,short,am,11819.2,12006.802857142857,11443.994285714289,11881.6,expired,-0.343278353969632
2022-07-14 10:10:00-04:00,2022-07-14 11:40:00-04:00,short,am,11514.7,11662.917142857144,11218.265714285712,11662.917142857144,loss,-1.013493715783792
2022-07-19 10:05:00-04:00,2022-07-19 10:45:00-04:00,long,am,12012.5,11967.620714285717,12102.25857142857,12102.25857142857,win,1.9554360108863456
2022-07-20 10:15:00-04:00,2022-07-20 10:45:00-04:00,long,am,12296.5,12231.539285714289,12426.421428571426,12426.421428571426,win,1.969212161196327
2022-07-22 10:10:00-04:00,2022-07-22 12:10:00-04:00,short,am,12565.7,12674.540714285717,12348.018571428573,12397.2,expired,1.5297584281092322
2022-08-01 10:15:00-04:00,2022-08-01 12:15:00-04:00,long,am,12992.2,12834.542142857144,13307.515714285715,13009.3,expired,0.0957770216698811
2022-08-03 10:10:00-04:00,2022-08-03 12:10:00-04:00,long,am,13133.5,12975.32,13449.86,13190.2,expired,0.3458085725123316
2022-08-05 10:25:00-04:00,2022-08-05 11:25:00-04:00,long,am,13259.7,13090.157142857142,13598.785714285716,13090.157142857142,loss,-1.0117964273677114
2022-08-09 10:10:00-04:00,2022-08-09 12:10:00-04:00,short,am,12996.6,13101.498571428572,12786.802857142857,12983.9,expired,0.1020032957006153
2022-08-11 10:25:00-04:00,2022-08-11 11:05:00-04:00,long,am,13510.0,13439.825714285716,13650.34857142857,13439.825714285716,loss,-1.028500468221978
2022-08-17 10:20:00-04:00,2022-08-17 12:20:00-04:00,short,am,13474.8,13548.627857142856,13327.144285714285,13444.8,expired,0.3792606352615587
2022-08-23 10:20:00-04:00,2022-08-23 12:20:00-04:00,long,am,12963.1,12847.167857142857,13194.964285714288,12870.8,expired,-0.8134068574597234
2022-08-29 10:25:00-04:00,2022-08-29 10:50:00-04:00,long,am,12554.3,12466.246428571429,12730.40714285714,12466.246428571429,loss,-1.0227134455485705
2022-08-31 10:10:00-04:00,2022-08-31 10:30:00-04:00,short,am,12455.5,12505.823571428573,12354.852857142858,12354.852857142858,win,1.9602571927384207
2022-09-05 10:15:00-04:00,2022-09-05 12:15:00-04:00,long,am,12129.6,12096.298571428571,12196.202857142858,12148.5,expired,0.5074857363476308
2022-09-06 10:25:00-04:00,2022-09-06 12:25:00-04:00,short,am,11986.1,12165.059285714286,11628.18142857143,12035.4,expired,-0.2866573801702669
2022-09-09 10:10:00-04:00,2022-09-09 12:10:00-04:00,long,am,12513.3,12400.197142857143,12739.505714285711,12537.9,expired,0.1998181175162988
2022-09-12 10:05:00-04:00,2022-09-12 12:05:00-04:00,long,am,12725.7,12636.097142857145,12904.905714285716,12655.2,expired,-0.809125984503039
2022-09-13 10:10:00-04:00,2022-09-13 12:10:00-04:00,short,am,12320.2,12433.531428571428,12093.537142857143,12239.2,expired,0.6970705390006605
2022-09-26 10:25:00-04:00,2022-09-26 12:25:00-04:00,long,am,11451.6,11273.255,11808.29,11273.255,loss,-1.0112142196304914
2022-09-27 10:10:00-04:00,2022-09-27 12:10:00-04:00,short,am,11382.6,11506.202142857142,11135.395714285716,11219.5,expired,1.303375461590483
2022-10-03 10:10:00-04:00,2022-10-03 12:10:00-04:00,long,am,11086.4,10976.662142857143,11305.875714285712,11150.7,expired,0.567716571309564
2022-10-04 10:20:00-04:00,2022-10-04 12:20:00-04:00,long,am,11566.8,11434.074285714283,11832.251428571428,11557.4,expired,-0.085891419468719
2022-10-05 10:10:00-04:00,2022-10-05 12:10:00-04:00,short,am,11384.6,11479.37357142857,11195.05285714286,11445.8,expired,-0.6668525734268883
2022-10-06 10:15:00-04:00,2022-10-06 12:15:00-04:00,short,am,11518.2,11663.180714285714,11228.238571428574,11513.2,expired,0.0206924073645264
2022-10-10 10:25:00-04:00,2022-10-10 10:35:00-04:00,long,am,10960.0,10922.975714285714,11034.048571428571,10922.975714285714,loss,-1.054018597831539
2022-10-11 10:10:00-04:00,2022-10-11 11:35:00-04:00,short,am,10783.0,10896.674285714284,10555.65142857143,10896.674285714284,loss,-1.0175941285879455
2022-10-12 10:25:00-04:00,2022-10-12 12:25:00-04:00,short,am,10816.5,10899.794285714284,10649.911428571431,10813.6,expired,0.0108050629437751
2022-10-14 10:25:00-04:00,2022-10-14 12:25:00-04:00,short,am,10887.8,11166.582142857142,10330.235714285714,10787.7,expired,0.3518876747075883
2022-10-20 10:25:00-04:00,2022-10-20 12:25:00-04:00,long,am,11264.3,11048.394285714288,11696.111428571425,11148.0,expired,-0.5479243585162842
2022-11-01 10:15:00-04:00,2022-11-01 12:15:00-04:00,short,am,11383.9,11586.912857142856,10977.874285714284,11318.8,expired,0.3108177525702111
2022-11-04 10:05:00-04:00,2022-11-04 11:50:00-04:00,long,am,10790.4,10683.892142857145,11003.415714285711,10683.892142857145,loss,-1.0187779573606242
2022-11-10 10:05:00-05:00,2022-11-10 12:05:00-05:00,long,am,11394.7,11232.93357142857,11718.232857142862,11447.6,expired,0.3146511946236349
2022-11-15 10:05:00-05:00,2022-11-15 11:00:00-05:00,long,am,11993.9,11932.44642857143,12116.80714285714,11932.44642857143,loss,-1.032544894519673
2022-11-18 10:15:00-05:00,2022-11-18 12:15:00-05:00,short,am,11682.2,11817.307142857142,11411.985714285718,11588.4,expired,0.6794607454401428
2022-11-21 10:10:00-05:00,2022-11-21 12:10:00-05:00,short,am,11612.3,11676.785,11483.329999999998,11551.2,expired,0.9164922074900832
2022-12-02 10:20:00-05:00,2022-12-02 12:20:00-05:00,long,am,11904.3,11805.212142857144,12102.475714285712,11937.2,expired,0.3118444670314387
2022-12-05 10:05:00-05:00,2022-12-05 12:05:00-05:00,short,am,11898.8,11961.305714285714,11773.78857142857,11835.5,expired,0.9807103350550588
2022-12-07 10:10:00-05:00,2022-12-07 12:10:00-05:00,long,am,11492.4,11427.056428571428,11623.087142857144,11485.2,expired,-0.1407942632896279
2022-12-13 10:10:00-05:00,2022-12-13 11:45:00-05:00,short,am,12104.8,12213.518571428573,11887.362857142853,11887.362857142853,win,1.981603878953524
2022-12-14 10:15:00-05:00,2022-12-14 12:15:00-05:00,long,am,11912.4,11804.601428571428,12127.997142857144,11900.4,expired,-0.1298718509389204
2022-12-20 10:10:00-05:00,2022-12-20 12:10:00-05:00,long,am,11057.2,10955.935,11259.730000000003,11079.9,expired,0.2044141608650437
2022-12-30 10:25:00-05:00,2022-12-30 12:25:00-05:00,long,am,10834.8,10762.744285714283,10978.911428571428,10853.4,expired,0.2303772874164886
2023-01-10 10:20:00-05:00,2023-01-10 10:40:00-05:00,long,am,11165.1,11062.98214285714,11369.335714285718,11062.98214285714,loss,-1.0195852131640608
2023-01-12 10:20:00-05:00,2023-01-12 12:20:00-05:00,long,am,11407.3,11237.950714285716,11745.998571428569,11458.5,expired,0.2905238117331528
2023-01-17 10:25:00-05:00,2023-01-17 12:25:00-05:00,long,am,11594.7,11485.88,11812.340000000004,11534.9,expired,-0.5679103106046703
2023-01-18 10:10:00-05:00,2023-01-18 10:35:00-05:00,long,am,11664.9,11610.065714285714,11774.56857142857,11610.065714285714,loss,-1.036473530637766
2023-01-24 10:10:00-05:00,2023-01-24 12:10:00-05:00,short,am,11847.0,11903.3,11734.4,11878.7,expired,-0.5985790408525962
2023-02-13 10:05:00-05:00,2023-02-13 12:05:00-05:00,long,am,12400.4,12315.150714285715,12570.898571428568,12501.4,expired,1.1613000527863857
2023-02-14 10:15:00-05:00,2023-02-14 12:15:00-05:00,long,am,12586.4,12348.360714285714,13062.47857142857,12461.0,expired,-0.5352057733567386
2023-02-20 10:20:00-05:00,2023-02-20 12:20:00-05:00,short,am,12346.3,12370.990000000002,12296.919999999996,12337.4,expired,0.2794653705953417
2023-02-22 10:20:00-05:00,2023-02-22 12:20:00-05:00,short,am,12052.0,12150.842857142858,11854.314285714285,12094.7,expired,-0.4522329816447515
2023-02-23 10:15:00-05:00,2023-02-23 11:40:00-05:00,short,am,12163.1,12236.520714285714,12016.258571428572,12016.258571428572,win,1.9727597310996312
2023-02-28 10:10:00-05:00,2023-02-28 12:10:00-05:00,long,am,12071.3,12018.122142857144,12177.65571428571,12090.3,expired,0.319681929911765
2023-03-01 10:20:00-05:00,2023-03-01 12:20:00-05:00,short,am,11960.2,12060.485714285714,11759.628571428571,11989.4,expired,-0.3111111111111018
2023-03-03 10:10:00-05:00,2023-03-03 10:25:00-05:00,short,am,12176.7,12198.0,12134.100000000002,12198.0,loss,-1.0938967136150266
2023-03-07 10:20:00-05:00,2023-03-07 12:20:00-05:00,short,am,12225.2,12352.541428571429,11970.517142857145,12266.9,expired,-0.3431719000661818
2023-03-10 10:15:00-05:00,2023-03-10 11:30:00-05:00,long,am,11924.6,11857.059285714286,12059.68142857143,12059.68142857143,win,1.9703882314371228
2023-03-16 10:05:00-04:00,2023-03-16 10:50:00-04:00,long,am,12246.1,12183.072857142855,12372.154285714289,12372.154285714289,win,1.96826763979238
2023-03-17 10:10:00-04:00,2023-03-17 10:25:00-04:00,long,am,12627.3,12561.46,12758.98,12561.46,loss,-1.030376670716889
2023-03-30 10:20:00-04:00,2023-03-30 10:25:00-04:00,short,am,12967.0,12985.314285714288,12930.371428571429,12985.314285714288,loss,-1.1092043681747217
2023-04-06 10:15:00-04:00,2023-04-06 12:15:00-04:00,long,am,12919.2,12849.26857142857,13059.06285714286,13025.2,expired,1.487171106389904
2023-04-17 10:25:00-04:00,2023-04-17 10:35:00-04:00,long,am,13056.8,13031.671428571428,13107.057142857142,13031.671428571428,loss,-1.0795906765207506
2023-04-18 10:15:00-04:00,2023-04-18 12:15:00-04:00,short,am,13131.2,13204.057857142858,12985.484285714288,13093.8,expired,0.4858775894354185
2023-04-20 10:15:00-04:00,2023-04-20 12:15:00-04:00,long,am,13045.4,12952.81142857143,13230.57714285714,13046.8,expired,-0.0064802814293689
2023-04-21 10:05:00-04:00,2023-04-21 10:25:00-04:00,short,am,12923.3,12990.279285714283,12789.341428571428,12990.279285714283,loss,-1.0298599780315876
2023-04-24 10:10:00-04:00,2023-04-24 11:25:00-04:00,short,am,13006.6,13052.25857142857,12915.28285714286,12915.28285714286,win,1.956196614624072
2023-04-26 10:25:00-04:00,2023-04-26 11:05:00-04:00,short,am,12838.2,12889.058571428572,12736.48285714286,12889.058571428572,loss,-1.0393247380691557
2023-04-27 10:20:00-04:00,2023-04-27 12:20:00-04:00,long,am,12996.2,12932.73142857143,13123.137142857144,13081.3,expired,1.309309444494438
2023-05-09 10:05:00-04:00,2023-05-09 11:10:00-04:00,long,am,13232.5,13209.56,13278.379999999996,13209.56,loss,-1.087183958151705
2023-05-10 10:15:00-04:00,2023-05-10 10:45:00-04:00,long,am,13324.9,13262.585714285711,13449.528571428573,13262.585714285711,loss,-1.0320953690967445
2023-05-12 10:10:00-04:00,2023-05-12 12:10:00-04:00,short,am,13365.2,13432.157857142856,13231.28428571429,13316.1,expired,0.70342752904281
2023-05-15 10:15:00-04:00,2023-05-15 11:20:00-04:00,short,am,13314.2,13381.898571428572,13178.80285714286,13381.898571428572,loss,-1.0295427208845935
2023-05-18 10:15:00-04:00,2023-05-18 12:15:00-04:00,long,am,13677.3,13594.132857142857,13843.634285714284,13743.7,expired,0.7743442637030619
2023-05-19 10:25:00-04:00,2023-05-19 11:15:00-04:00,long,am,13850.6,13810.123571428572,13931.552857142857,13810.123571428572,loss,-1.049411474050153
2023-05-22 10:15:00-04:00,2023-05-22 12:15:00-04:00,short,am,13876.6,13907.206428571428,13815.387142857146,13862.4,expired,0.3986090690564933
2023-05-24 10:10:00-04:00,2023-05-24 12:10:00-04:00,short,am,13577.3,13636.65857142857,13458.582857142856,13573.1,expired,0.0370628865731089
2023-06-05 10:10:00-04:00,2023-06-05 12:10:00-04:00,long,am,14586.4,14532.505714285711,14694.188571428573,14662.4,expired,1.3730583682340884
2023-06-15 10:15:00-04:00,2023-06-15 12:15:00-04:00,long,am,15052.5,14935.044285714286,15287.411428571428,15117.3,expired,0.5346696019168278
2023-06-20 10:10:00-04:00,2023-06-20 12:10:00-04:00,short,am,15075.1,15146.024285714286,14933.25142857143,15031.6,expired,0.5851310250367624
2023-06-21 10:15:00-04:00,2023-06-21 12:15:00-04:00,short,am,14957.4,15054.675714285717,14762.848571428569,14912.1,expired,0.4451265181442902
2023-06-22 10:20:00-04:00,2023-06-22 12:20:00-04:00,long,am,14957.5,14800.07214285714,15272.355714285715,14973.9,expired,0.0914704694667367
2023-06-23 10:15:00-04:00,2023-06-23 12:15:00-04:00,long,am,14880.2,14821.182142857144,14998.235714285714,14940.5,expired,0.9878366111951508
2023-06-27 10:20:00-04:00,2023-06-27 11:25:00-04:00,short,am,14778.3,14830.335,14674.229999999996,14830.335,loss,-1.0384356683001814
2023-06-29 10:15:00-04:00,2023-06-29 12:15:00-04:00,short,am,14922.2,15000.60357142857,14765.392857142862,14960.4,expired,-0.5127317450917876
2023-07-10 10:15:00-04:00,2023-07-10 12:00:00-04:00,long,am,15028.8,14951.970714285711,15182.458571428571,14951.970714285711,loss,-1.026031740128857
2023-07-11 10:10:00-04:00,2023-07-11 11:55:00-04:00,short,am,15005.0,15106.715714285714,14801.568571428572,15106.715714285714,loss,-1.0196626451875677
2023-07-14 10:25:00-04:00,2023-07-14 12:25:00-04:00,long,am,15693.6,15577.724285714285,15925.351428571432,15649.7,expired,-0.3961140630971527
2023-07-20 10:10:00-04:00,2023-07-20 12:10:00-04:00,short,am,15709.3,15783.825714285716,15560.248571428569,15658.9,expired,0.6494402698972408
2023-07-27 10:15:00-04:00,2023-07-27 12:15:00-04:00,short,am,15755.5,15812.262142857144,15641.975714285712,15731.9,expired,0.3805353165464912
2023-07-31 10:05:00-04:00,2023-07-31 12:05:00-04:00,short,am,15765.5,15820.894285714288,15654.711428571429,15763.3,expired,0.0036104807097304
2023-08-01 10:25:00-04:00,2023-08-01 10:40:00-04:00,short,am,15696.1,15733.604285714286,15621.09142857143,15733.604285714286,loss,-1.0533272387917578
2023-08-02 10:20:00-04:00,2023-08-02 12:20:00-04:00,short,am,15473.6,15596.807142857144,15227.185714285712,15344.3,expired,1.0332193170618624
2023-08-04 10:10:00-04:00,2023-08-04 12:10:00-04:00,short,am,15354.5,15509.81,15043.88,15493.0,expired,-0.9046423282467352
2023-08-08 10:25:00-04:00,2023-08-08 12:25:00-04:00,short,am,15216.2,15315.509999999998,15017.580000000004,15198.6,expired,0.1570838787634752
2023-08-10 10:05:00-04:00,2023-08-10 11:20:00-04:00,long,am,15354.4,15202.792142857144,15657.615714285714,15202.792142857144,loss,-1.0131919284243656
2023-08-11 10:10:00-04:00,2023-08-11 11:30:00-04:00,long,am,15031.2,14981.807142857144,15129.985714285714,14981.807142857144,loss,-1.040491684743312
2023-08-15 10:20:00-04:00,2023-08-15 12:20:00-04:00,short,am,15087.7,15202.272142857144,14858.555714285714,15130.2,expired,-0.3884015685687731
2023-08-21 10:10:00-04:00,2023-08-21 11:15:00-04:00,long,am,14844.1,14742.92,15046.46,14742.92,loss,-1.0197667523225933
2023-08-29 10:10:00-04:00,2023-08-29 12:10:00-04:00,long,am,15192.9,15024.691428571428,15529.317142857142,15330.0,expired,0.8031695344215543
2023-09-06 10:15:00-04:00,2023-09-06 12:15:00-04:00,short,am,15410.2,15497.113571428572,15236.372857142858,15337.5,expired,0.8134517870791282
2023-09-19 10:10:00-04:00,2023-09-19 12:10:00-04:00,short,am,15114.9,15200.069285714286,14944.561428571427,15105.8,expired,0.0833633855263085
2023-09-26 10:20:00-04:00,2023-09-26 12:20:00-04:00,short,am,14587.9,14688.656428571428,14386.387142857142,14614.9,expired,-0.2878228259097249
2023-09-27 10:20:00-04:00,2023-09-27 12:20:00-04:00,short,am,14596.4,14654.76857142857,14479.662857142856,14494.9,expired,1.7046845171080405
2023-10-02 10:10:00-04:00,2023-10-02 12:10:00-04:00,long,am,14784.1,14682.945000000002,14986.409999999998,14774.0,expired,-0.1196184073945974
2023-10-03 10:10:00-04:00,2023-10-03 12:10:00-04:00,short,am,14717.3,14831.960714285711,14487.978571428572,14608.4,expired,0.9323158386544164
2023-10-04 10:10:00-04:00,2023-10-04 10:40:00-04:00,short,am,14645.5,14696.708571428571,14543.082857142856,14696.708571428571,loss,-1.0390559616135693
2023-10-05 10:15:00-04:00,2023-10-05 12:15:00-04:00,short,am,14654.5,14790.02142857143,14383.45714285714,14668.0,expired,-0.1143730564486362
2023-10-06 10:20:00-04:00,2023-10-06 10:45:00-04:00,long,am,14626.6,14561.782857142858,14756.234285714285,14756.234285714285,win,1.969143965441241
2023-10-09 10:10:00-04:00,2023-10-09 12:10:00-04:00,short,am,14900.7,14940.082142857143,14821.935714285715,14926.4,expired,-0.7033644690305355
2023-10-10 10:10:00-04:00,2023-10-10 11:30:00-04:00,long,am,15112.8,15050.497142857144,15237.40571428571,15237.40571428571,win,1.9678987434651003
2023-10-12 10:15:00-04:00,2023-10-12 12:15:00-04:00,long,am,15297.6,15239.971428571427,15412.857142857143,15325.0,expired,0.4407535944471929
2023-10-18 10:25:00-04:00,2023-10-18 10:35:00-04:00,long,am,15047.7,15009.201428571429,15124.697142857143,15009.201428571429,loss,-1.0519499795910785
2023-10-31 10:25:00-04:00,2023-10-31 12:25:00-04:00,long,am,14307.5,14231.345,14459.81,14318.9,expired,0.123432473245349
2023-11-02 10:15:00-04:00,2023-11-02 10:50:00-04:00,short,am,14822.8,14880.857142857143,14706.685714285712,14880.857142857143,loss,-1.0344488188976373
2023-11-07 10:05:00-05:00,2023-11-07 11:30:00-05:00,long,am,15215.3,15156.59,15332.719999999998,15332.719999999998,win,1.965934253108499
2023-11-09 10:15:00-05:00,2023-11-09 11:50:00-05:00,short,am,15319.8,15370.747142857144,15217.905714285713,15370.747142857144,loss,-1.0392563721504078
2023-11-28 10:10:00-05:00,2023-11-28 10:40:00-05:00,long,am,15946.8,15923.736428571428,15992.92714285714,15992.92714285714,win,1.913283161448169
2023-11-30 10:10:00-05:00,2023-11-30 12:10:00-05:00,short,am,15938.8,16019.607857142855,15777.184285714284,15861.3,expired,0.9343150860506776
2023-12-05 10:10:00-05:00,2023-12-05 12:10:00-05:00,long,am,15877.5,15743.500714285714,16145.498571428572,15866.7,expired,-0.095522897243583
2023-12-14 10:10:00-05:00,2023-12-14 12:10:00-05:00,short,am,16629.2,16681.296428571426,16525.00714285715,16600.9,expired,0.504833070542281
2023-12-18 10:10:00-05:00,2023-12-18 12:10:00-05:00,long,am,16695.9,16649.937857142857,16787.82428571429,16742.4,expired,0.9681881051175312
2023-12-27 10:20:00-05:00,2023-12-27 12:20:00-05:00,short,am,16909.1,16955.277142857143,16816.74571428571,16920.2,expired,-0.283690137359274
2024-01-03 10:25:00-05:00,2024-01-03 12:25:00-05:00,short,am,16421.9,16493.329285714288,16279.041428571429,16422.2,expired,-0.0321996780032094
2024-01-05 10:15:00-05:00,2024-01-05 12:15:00-05:00,long,am,16371.3,16263.322857142855,16587.254285714283,16315.0,expired,-0.5399290855207421
2024-01-09 10:25:00-05:00,2024-01-09 12:25:00-05:00,long,am,16584.0,16514.66857142857,16722.66285714286,16683.1,expired,1.400519245034163
2024-01-10 10:25:00-05:00,2024-01-10 12:25:00-05:00,long,am,16698.0,16658.567857142858,16776.864285714284,16748.9,expired,1.24010506294726
2024-01-11 10:15:00-05:00,2024-01-11 12:15:00-05:00,short,am,16747.8,16907.758571428574,16427.88285714285,16660.8,expired,0.5313875914299121
2024-01-12 10:05:00-05:00,2024-01-12 12:05:00-05:00,short,am,16856.2,16908.704285714288,16751.191428571427,16794.7,expired,1.1332408238782927
2024-01-16 10:05:00-05:00,2024-01-16 10:20:00-05:00,long,am,16769.3,16726.733571428573,16854.432857142852,16854.432857142852,win,1.9530146158105797
2024-01-29 10:20:00-05:00,2024-01-29 11:00:00-05:00,long,am,17446.4,17428.035714285717,17483.12857142857,17428.035714285717,loss,-1.1089070400622425
2024-01-30 10:10:00-05:00,2024-01-30 12:10:00-05:00,short,am,17560.8,17591.54,17499.319999999996,17536.1,expired,0.7384515289524901
2024-02-01 10:20:00-05:00,2024-02-01 12:20:00-05:00,long,am,17243.6,17167.715714285714,17395.368571428568,17272.9,expired,0.3597582785820958
2024-02-05 10:25:00-05:00,2024-02-05 12:25:00-05:00,short,am,17548.4,17659.620000000003,17325.96,17607.4,expired,-0.5484625067433857
2024-02-09 10:05:00-05:00,2024-02-09 12:05:00-05:00,long,am,17853.3,17800.004285714287,17959.891428571424,17912.1,expired,1.065751735599246
2024-02-15 10:20:00-05:00,2024-02-15 11:05:00-05:00,long,am,17772.3,17731.729285714286,17853.441428571427,17731.729285714286,loss,-1.0492966425465244
2024-02-16 10:05:00-05:00,2024-02-16 12:05:00-05:00,short,am,17704.8,17892.91857142857,17328.562857142857,17803.3,expired,-0.5342375249652582
2024-02-19 10:25:00-05:00,2024-02-19 12:25:00-05:00,short,am,17730.9,17755.042142857143,17682.61571428572,17732.7,expired,-0.1574011065415946
2024-02-27 10:05:00-05:00,2024-02-27 12:05:00-05:00,long,am,17952.3,17902.835,18051.23,17964.0,expired,0.1960982512888041
2024-02-29 10:20:00-05:00,2024-02-29 11:40:00-05:00,short,am,17985.3,18038.44142857143,17879.017142857138,17879.017142857138,win,1.962364579693004
2024-03-06 10:10:00-05:00,2024-03-06 11:55:00-05:00,short,am,17983.4,18105.402857142857,17739.39428571429,18105.402857142857,loss,-1.016393058710569
2024-03-15 10:20:00-04:00,2024-03-15 12:15:00-04:00,long,am,17854.7,17791.5,17981.100000000002,17791.5,loss,-1.031645569620253
2024-03-25 10:25:00-04:00,2024-03-25 12:25:00-04:00,long,am,18300.2,18203.715714285718,18493.16857142857,18315.7,expired,0.1399191578199249
2024-03-27 10:15:00-04:00,2024-03-27 12:15:00-04:00,short,am,18221.1,18368.411428571428,17926.47714285714,18215.9,expired,0.0217226866308302
2024-04-01 10:25:00-04:00,2024-04-01 12:00:00-04:00,short,am,18354.4,18417.020714285714,18229.158571428576,18229.158571428576,win,1.9680616865710792
2024-04-02 10:20:00-04:00,2024-04-02 12:20:00-04:00,short,am,18052.4,18104.33,17948.540000000008,18052.5,expired,-0.0404390525707429
2024-04-03 10:10:00-04:00,2024-04-03 12:10:00-04:00,long,am,18141.2,18042.289285714287,18339.02142857143,18209.8,expired,0.6733345369200104
2024-04-12 10:20:00-04:00,2024-04-12 10:35:00-04:00,short,am,18144.7,18176.97857142857,18080.14285714286,18080.14285714286,win,1.9380393892454075
2024-04-15 10:15:00-04:00,2024-04-15 12:15:00-04:00,short,am,18089.8,18197.705,17873.99,18023.4,expired,0.5968212779759836
2024-04-24 10:05:00-04:00,2024-04-24 10:40:00-04:00,short,am,17636.5,17668.11714285714,17573.26571428572,17573.26571428572,win,1.936743177299831
2024-05-02 10:20:00-04:00,2024-05-02 12:20:00-04:00,short,am,17391.7,17499.98142857143,17175.13714285714,17432.0,expired,-0.3906487064131697
2024-05-07 10:20:00-04:00,2024-05-07 10:50:00-04:00,long,am,18093.7,18074.714285714286,18131.67142857143,18131.67142857143,win,1.8946576373212956
2024-05-09 10:10:00-04:00,2024-05-09 10:35:00-04:00,long,am,18048.0,18014.542857142857,18114.914285714287,18114.914285714287,win,1.9402220324508976
2024-05-14 10:05:00-04:00,2024-05-14 10:20:00-04:00,short,am,18223.3,18245.67357142857,18178.55285714285,18245.67357142857,loss,-1.0893911821983815
2024-05-15 10:10:00-04:00,2024-05-15 12:10:00-04:00,long,am,18422.4,18362.79071428571,18541.618571428586,18513.4,expired,1.493055971624632
2024-05-28 10:15:00-04:00,2024-05-28 12:15:00-04:00,long,am,18825.9,18783.512857142858,18910.67428571429,18861.1,expired,0.7832563782817384
2024-06-12 10:20:00-04:00,2024-06-12 12:20:00-04:00,long,am,19486.8,19352.61285714286,19755.17428571428,19480.0,expired,-0.0655800534434813
2024-06-17 10:20:00-04:00,2024-06-17 12:20:00-04:00,long,am,19695.0,19632.417857142857,19820.164285714287,19783.2,expired,1.377389716372765
2024-06-18 10:15:00-04:00,2024-06-18 10:45:00-04:00,long,am,19913.6,19893.885714285712,19953.02857142857,19893.885714285712,loss,-1.1014492753623162
2024-06-20 10:25:00-04:00,2024-06-20 12:25:00-04:00,short,am,19908.1,20007.15857142857,19709.98285714285,19803.0,expired,1.040798373256767
2024-06-25 10:15:00-04:00,2024-06-25 12:15:00-04:00,long,am,19619.4,19542.204285714284,19773.79142857144,19685.5,expired,0.8303569776263904
2024-06-28 10:15:00-04:00,2024-06-28 12:15:00-04:00,long,am,19988.2,19796.989285714284,20370.621428571438,19796.989285714284,loss,-1.010459664917163
2024-07-01 10:10:00-04:00,2024-07-01 10:15:00-04:00,long,am,19599.3,19568.585714285717,19660.72857142857,19660.72857142857,win,1.9348837209302336
2024-07-05 10:05:00-04:00,2024-07-05 12:05:00-04:00,long,am,20270.6,20200.425714285717,20410.94857142857,20380.2,expired,1.5333251903424516
2024-07-09 10:20:00-04:00,2024-07-09 10:25:00-04:00,long,am,20522.1,20498.871428571427,20568.557142857146,20498.871428571427,loss,-1.086100861008609
2024-07-10 10:15:00-04:00,2024-07-10 11:00:00-04:00,long,am,20578.2,20524.755,20685.090000000007,20524.755,loss,-1.0374216484236107
2024-07-11 10:25:00-04:00,2024-07-11 12:25:00-04:00,short,am,20508.1,20728.480714285717,20067.33857142857,20321.6,expired,0.8371875941957563
2024-07-12 10:20:00-04:00,2024-07-12 12:20:00-04:00,long,am,20348.1,20231.347857142857,20581.60428571428,20406.8,expired,0.4856441912965916
2024-07-16 10:15:00-04:00,2024-07-16 12:15:00-04:00,short,am,20365.7,20512.11857142857,20072.86285714286,20323.7,expired,0.2731893885436097
2024-07-22 10:10:00-04:00,2024-07-22 12:10:00-04:00,short,am,19791.3,19873.503571428573,19626.89285714285,19723.7,expired,0.7980188556284066
2024-07-25 10:15:00-04:00,2024-07-25 11:15:00-04:00,short,am,18865.3,19108.431428571428,18379.03714285714,19108.431428571428,loss,-1.0082260035724355
2024-07-29 10:20:00-04:00,2024-07-29 11:10:00-04:00,short,am,19178.5,19250.314285714285,19034.87142857143,19034.87142857143,win,1.972150387905311
2024-08-02 10:25:00-04:00,2024-08-02 12:25:00-04:00,short,am,18375.0,18652.081428571422,17820.837142857148,18473.5,expired,-0.3627092602999668
2024-08-19 10:25:00-04:00,2024-08-19 10:50:00-04:00,short,am,19531.5,19569.914285714287,19454.671428571422,19569.914285714287,loss,-1.0520639642989942
2024-08-21 10:10:00-04:00,2024-08-21 10:40:00-04:00,long,am,19793.0,19737.3,19904.4,19904.4,win,1.964093357271096
2024-08-22 10:20:00-04:00,2024-08-22 11:40:00-04:00,short,am,19846.3,19955.56714285714,19627.76571428572,19627.76571428572,win,1.9816962359616663
2024-09-05 10:10:00-04:00,2024-09-05 11:25:00-04:00,long,am,19004.1,18842.072142857145,19328.155714285705,18842.072142857145,loss,-1.0123435564431162
2024-09-17 10:10:00-04:00,2024-09-17 12:10:00-04:00,long,am,19541.2,19469.52142857143,19684.557142857146,19512.3,expired,-0.4310911808669797
2024-09-24 10:10:00-04:00,2024-09-24 11:45:00-04:00,short,am,19814.0,19944.002857142856,19553.99428571429,19944.002857142856,loss,-1.0153842772686317
2024-10-01 10:20:00-04:00,2024-10-01 12:20:00-04:00,short,am,19763.4,20079.176428571427,19131.84714285715,19761.1,expired,0.000950039245678
2024-10-03 10:10:00-04:00,2024-10-03 12:10:00-04:00,long,am,19835.8,19702.83857142857,20101.722857142853,19848.4,expired,0.0797223684634815
2024-10-04 10:15:00-04:00,2024-10-04 12:15:00-04:00,short,am,19932.1,20080.62785714286,19635.04428571428,19924.0,expired,0.0410697367978001
2024-10-08 10:15:00-04:00,2024-10-08 12:15:00-04:00,long,am,19998.9,19892.227142857144,20212.24571428572,20057.2,expired,0.5277818698021902
2024-10-11 10:20:00-04:00,2024-10-11 12:20:00-04:00,long,am,20263.8,20145.345,20500.709999999995,20275.3,expired,0.0801992317757811
2024-10-14 10:25:00-04:00,2024-10-14 10:55:00-04:00,short,am,20484.2,20524.036428571428,20404.527142857147,20404.527142857147,win,1.9497946961682573
2024-10-17 10:10:00-04:00,2024-10-17 12:10:00-04:00,short,am,20265.7,20444.3,19908.500000000004,20345.9,expired,-0.4602463605823146
2024-10-22 10:20:00-04:00,2024-10-22 12:20:00-04:00,long,am,20344.2,20231.483571428573,20569.632857142857,20314.8,expired,-0.2785751855161326
2024-10-23 10:10:00-04:00,2024-10-23 12:10:00-04:00,short,am,20268.5,20332.53,20140.439999999995,20170.5,expired,1.499297204435363
2024-10-25 10:10:00-04:00,2024-10-25 12:10:00-04:00,long,am,20523.4,20361.21785714286,20847.76428571429,20510.7,expired,-0.0906388320010619
2024-11-08 10:15:00-05:00,2024-11-08 11:55:00-05:00,short,am,21108.0,21140.127857142856,21043.74428571429,21140.127857142856,loss,-1.062251272816206
2024-11-12 10:10:00-05:00,2024-11-12 11:45:00-05:00,short,am,21135.9,21170.145,21067.410000000003,21067.410000000003,win,1.9415973134764184
2024-11-13 10:10:00-05:00,2024-11-13 12:05:00-05:00,short,am,21033.0,21111.87357142857,20875.252857142856,21111.87357142857,loss,-1.0253570361247202
2024-11-14 10:25:00-05:00,2024-11-14 12:25:00-05:00,short,am,21020.6,21099.33142857143,20863.137142857136,20983.8,expired,0.442008999854818
2024-11-21 10:10:00-05:00,2024-11-21 12:10:00-05:00,short,am,20616.1,20845.36142857143,20157.57714285714,20674.7,expired,-0.2643270626795442
2024-11-27 10:20:00-05:00,2024-11-27 12:20:00-05:00,short,am,20763.2,20903.69214285714,20482.21571428572,20662.9,expired,0.6996832563081925
2024-11-28 10:25:00-05:00,2024-11-28 12:25:00-05:00,long,am,20843.2,20822.285,20885.03,20848.1,expired,0.1386564666506189
2024-11-29 10:20:00-05:00,2024-11-29 12:20:00-05:00,long,am,20908.0,20755.755,21212.49,20939.4,expired,0.1931097901409021
2024-12-04 10:15:00-05:00,2024-12-04 12:15:00-05:00,long,am,21402.8,21345.899285714284,21516.60142857143,21445.2,expired,0.7100086617039826
2024-12-10 10:25:00-05:00,2024-12-10 10:55:00-05:00,long,am,21539.1,21480.065714285716,21657.16857142857,21480.065714285716,loss,-1.0338786177523955
2024-12-11 10:15:00-05:00,2024-12-11 12:15:00-05:00,long,am,21687.2,21547.187857142857,21967.22428571429,21764.6,expired,0.5385247197946926
2024-12-19 10:20:00-05:00,2024-12-19 10:30:00-05:00,long,am,21333.5,21279.207142857143,21442.085714285717,21279.207142857143,loss,-1.0368372582554932
2024-12-23 10:15:00-05:00,2024-12-23 11:40:00-05:00,short,am,21345.2,21477.36928571429,21080.861428571425,21477.36928571429,loss,-1.0151321087133922
2024-12-24 10:20:00-05:00,2024-12-24 12:20:00-05:00,long,am,21701.8,21598.515714285717,21908.36857142857,21775.9,expired,0.6980732790218594
2024-12-31 10:15:00-05:00,2024-12-31 12:15:00-05:00,short,am,21236.0,21307.86357142857,21092.27285714286,21146.1,expired,1.223151010347029
2025-01-07 10:25:00-05:00,2025-01-07 12:25:00-05:00,short,am,21456.3,21640.915,21087.07,21260.3,expired,1.0508355225739965
2025-01-08 10:20:00-05:00,2025-01-08 11:40:00-05:00,short,am,21140.6,21244.061428571425,20933.677142857145,21244.061428571425,loss,-1.019330875550585
2025-01-10 10:20:00-05:00,2025-01-10 12:20:00-05:00,short,am,20841.4,21040.585,20443.03000000001,20761.5,expired,0.3910937068554478
2025-01-14 10:20:00-05:00,2025-01-14 10:35:00-05:00,long,am,20895.0,20815.905,21053.189999999995,20815.905,loss,-1.0252860484227837
2025-01-30 10:10:00-05:00,2025-01-30 12:10:00-05:00,short,am,21498.2,21645.44,21203.72,21444.5,expired,0.3511274110296126
2025-02-04 10:15:00-05:00,2025-02-04 12:15:00-05:00,long,am,21524.1,21305.23357142857,21961.832857142857,21502.7,expired,-0.1069145238615751
2025-02-06 10:20:00-05:00,2025-02-06 12:20:00-05:00,long,am,21705.8,21644.35428571429,21828.691428571427,21715.4,expired,0.1236864130940571
2025-02-12 10:15:00-05:00,2025-02-12 10:20:00-05:00,short,am,21591.6,21630.35,21514.1,21630.35,loss,-1.0516129032258064
2025-02-13 10:05:00-05:00,2025-02-13 12:05:00-05:00,long,am,21832.0,21754.495000000003,21987.009999999995,21913.2,expired,1.0218695568028309
2025-02-14 10:15:00-05:00,2025-02-14 12:15:00-05:00,long,am,22048.9,22011.077142857142,22124.54571428572,22040.6,expired,-0.2723221030367761
2025-02-24 10:10:00-05:00,2025-02-24 12:10:00-05:00,short,am,21518.5,21752.48642857143,21050.527142857143,21541.8,expired,-0.1081259291595025
2025-02-25 10:10:00-05:00,2025-02-25 12:10:00-05:00,short,am,21158.2,21367.632857142857,20739.33428571429,21100.7,expired,0.2650013983342784
2025-02-27 10:05:00-05:00,2025-02-27 12:05:00-05:00,short,am,20964.6,21342.37714285714,20209.045714285712,20963.0,expired,-0.0010588253089539
2025-03-03 10:05:00-05:00,2025-03-03 12:05:00-05:00,short,am,20836.6,21089.759285714288,20330.28142857142,20876.2,expired,-0.1643234214483884
2025-03-05 10:10:00-05:00,2025-03-05 11:10:00-05:00,long,am,20388.3,20233.612142857142,20697.675714285717,20233.612142857142,loss,-1.0129292630781803
2025-03-10 10:10:00-04:00,2025-03-10 12:10:00-04:00,short,am,19713.9,19924.575,19292.550000000003,19585.4,expired,0.6004509315296093
2025-03-13 10:25:00-04:00,2025-03-13 11:35:00-04:00,long,am,19460.9,19303.67785714285,19775.34428571429,19303.67785714285,loss,-1.0127208544779676
2025-03-14 10:05:00-04:00,2025-03-14 11:00:00-04:00,short,am,19527.0,19609.906428571427,19361.187142857147,19609.906428571427,loss,-1.0241235816626322
2025-03-19 10:25:00-04:00,2025-03-19 12:25:00-04:00,long,am,19643.1,19498.00214285714,19933.295714285712,19700.0,expired,0.3783653396476379
2025-03-20 10:10:00-04:00,2025-03-20 12:10:00-04:00,long,am,19781.9,19547.024285714288,20251.65142857143,19767.9,expired,-0.068121133973591
2025-03-26 10:25:00-04:00,2025-03-26 12:25:00-04:00,short,am,20097.4,20291.209285714285,19709.781428571438,20017.5,expired,0.4019415257267016
2025-04-04 10:20:00-04:00,2025-04-04 12:20:00-04:00,short,am,17898.2,18101.56,17491.48,17630.0,expired,1.309008654602675
2025-04-07 10:20:00-04:00,2025-04-07 12:20:00-04:00,long,am,17344.3,16513.672857142858,19005.554285714283,17196.0,expired,-0.1809476144531062
2025-04-21 10:10:00-04:00,2025-04-21 12:10:00-04:00,short,am,17859.8,18058.012857142858,17463.374285714282,17728.1,expired,0.6543470583571769
2025-04-25 10:15:00-04:00,2025-04-25 12:15:00-04:00,long,am,19255.1,19128.080714285712,19509.13857142857,19287.6,expired,0.2401210164935568
2025-04-28 10:05:00-04:00,2025-04-28 12:05:00-04:00,short,am,19414.7,19527.60357142857,19188.89285714286,19197.7,expired,1.9042798848575024
2025-05-01 10:05:00-04:00,2025-05-01 10:25:00-04:00,short,am,19834.1,19900.45571428572,19701.388571428564,19900.45571428572,loss,-1.0301405842967544
2025-05-19 10:25:00-04:00,2025-05-19 12:25:00-04:00,long,am,21315.3,21098.610714285714,21748.67857142857,21402.2,expired,0.3918052511001683
2025-05-22 10:10:00-04:00,2025-05-22 12:10:00-04:00,long,am,21209.7,21046.754285714283,21535.591428571435,21239.7,expired,0.1718363696936722
2025-05-29 10:15:00-04:00,2025-05-29 12:15:00-04:00,short,am,21392.8,21650.773571428574,20876.85285714285,21376.6,expired,0.0550443982357018
2025-06-04 10:10:00-04:00,2025-06-04 12:10:00-04:00,short,am,21679.0,21763.16214285714,21510.67571428572,21677.1,expired,-0.0011881826745819
2025-06-26 10:05:00-04:00,2025-06-26 12:05:00-04:00,long,am,22351.6,22279.58857142857,22495.62285714285,22426.2,expired,1.0081733058245357
2025-06-27 10:15:00-04:00,2025-06-27 12:15:00-04:00,long,am,22598.9,22490.454285714284,22815.79142857144,22587.0,expired,-0.1281747286331641
2025-07-03 10:15:00-04:00,2025-07-03 12:15:00-04:00,long,am,22854.8,22708.52357142857,23147.352857142854,22891.3,expired,0.2358548150029043
2025-07-10 10:10:00-04:00,2025-07-10 12:10:00-04:00,short,am,22768.3,22918.92071428572,22467.058571428566,22799.0,expired,-0.2171016128496855
2025-07-14 10:25:00-04:00,2025-07-14 12:25:00-04:00,long,am,22778.6,22677.807857142856,22980.184285714284,22853.8,expired,0.7262470855863289
2025-07-15 10:25:00-04:00,2025-07-15 10:50:00-04:00,long,am,23002.9,22959.994285714285,23088.711428571434,22959.994285714285,loss,-1.0466138376506604
2025-07-22 10:20:00-04:00,2025-07-22 12:20:00-04:00,long,am,23023.8,22967.185714285715,23137.028571428567,23063.0,expired,0.6570779712339458
2025-08-04 10:05:00-04:00,2025-08-04 12:05:00-04:00,long,am,23123.7,22962.667142857143,23445.76571428572,23155.6,expired,0.1856763925729296
2025-08-05 10:10:00-04:00,2025-08-05 10:35:00-04:00,short,am,23245.9,23295.95714285714,23145.785714285725,23145.785714285725,win,1.9600456621004527
2025-08-06 10:10:00-04:00,2025-08-06 11:50:00-04:00,long,am,23119.9,23045.49142857143,23268.717142857146,23268.717142857146,win,1.9731213761855395
2025-08-07 10:15:00-04:00,2025-08-07 11:45:00-04:00,short,am,23517.4,23577.140000000003,23397.92,23397.92,win,1.966521593572147
2025-08-15 10:25:00-04:00,2025-08-15 11:40:00-04:00,long,am,23760.6,23677.61857142857,23926.562857142853,23677.61857142857,loss,-1.0241017783669326
2025-08-20 10:20:00-04:00,2025-08-20 12:20:00-04:00,short,am,23076.5,23371.195,22487.11,23207.1,expired,-0.4499567349293292
2025-08-25 10:20:00-04:00,2025-08-25 12:20:00-04:00,long,am,23473.8,23384.23857142857,23652.922857142858,23545.8,expired,0.7815864610084011
2025-08-28 10:15:00-04:00,2025-08-28 12:15:00-04:00,long,am,23588.6,23519.835714285717,23726.12857142857,23673.0,expired,1.198296457878907
2025-08-29 10:20:00-04:00,2025-08-29 12:20:00-04:00,short,am,23441.5,23625.23285714286,23074.03428571428,23423.7,expired,0.0859944173606042
2025-09-03 10:10:00-04:00,2025-09-03 10:25:00-04:00,long,am,23357.5,23324.52857142857,23423.442857142854,23423.442857142854,win,1.939341421143848
2025-09-08 10:25:00-04:00,2025-09-08 12:25:00-04:00,short,am,23833.0,23862.1,23774.8,23802.5,expired,0.9793814432988956
2025-09-17 10:15:00-04:00,2025-09-17 12:15:00-04:00,short,am,24254.6,24318.01785714286,24127.76428571428,24179.9,expired,1.146364813876117
