entry_time,exit_time,direction,killzone,entry_type,entry,stop,target,exit,outcome,r,setup_sweep_time,setup_mss_time
2024-07-26 13:02:00-04:00,2024-07-26 13:04:00-04:00,long,pm,fvg,19122.2,19110.057142857142,19146.485714285718,19146.485714285718,win,1.83529411764708,2024-07-26 10:45:00-04:00,2024-07-26 12:15:00-04:00
2024-07-26 13:06:00-04:00,2024-07-26 13:07:00-04:00,long,pm,fvg,19142.5,19130.057142857142,19167.385714285716,19130.057142857142,loss,-1.1607347876004486,2024-07-26 10:45:00-04:00,2024-07-26 12:15:00-04:00
2024-07-26 13:31:00-04:00,2024-07-26 13:34:00-04:00,long,pm,fvg,19143.4,19134.485714285714,19161.228571428575,19134.485714285714,loss,-1.224358974358943,2024-07-26 10:45:00-04:00,2024-07-26 12:15:00-04:00
2024-07-26 13:47:00-04:00,2024-07-26 13:51:00-04:00,long,pm,fvg,19053.7,19029.685714285715,19101.72857142857,19029.685714285715,loss,-1.0832837596668656,2024-07-26 10:45:00-04:00,2024-07-26 12:15:00-04:00
2024-07-26 13:55:00-04:00,2024-07-26 14:21:00-04:00,long,pm,fvg,19044.8,19025.807142857142,19082.785714285714,19025.807142857142,loss,-1.1053027453930042,2024-07-26 10:45:00-04:00,2024-07-26 12:15:00-04:00
2024-08-02 10:26:00-04:00,2024-08-02 10:50:00-04:00,short,am,fvg,18381.9,18430.890000000003,18283.92,18430.890000000003,loss,-1.0408246580934872,2024-08-02 09:30:00-04:00,2024-08-02 10:00:00-04:00
2024-08-02 11:22:00-04:00,2024-08-02 11:23:00-04:00,short,am,fvg,18333.3,18359.35714285714,18281.185714285715,18359.35714285714,loss,-1.0767543859649147,2024-08-02 09:30:00-04:00,2024-08-02 10:00:00-04:00
2024-08-02 11:50:00-04:00,2024-08-02 11:57:00-04:00,short,am,fvg,18464.2,18492.928571428572,18406.742857142857,18492.928571428572,loss,-1.0696171059174533,2024-08-02 09:30:00-04:00,2024-08-02 10:00:00-04:00
2024-08-07 13:13:00-04:00,2024-08-07 13:18:00-04:00,short,pm,fvg,18113.4,18136.26428571429,18067.671428571426,18067.671428571426,win,1.9125273352077552,2024-08-07 09:45:00-04:00,2024-08-07 13:00:00-04:00
2024-08-07 13:20:00-04:00,2024-08-07 13:23:00-04:00,short,pm,fvg,18093.3,18115.87857142857,18048.14285714286,18115.87857142857,loss,-1.088579563429299,2024-08-07 09:45:00-04:00,2024-08-07 13:00:00-04:00
2024-08-07 13:30:00-04:00,2024-08-07 13:35:00-04:00,short,pm,fvg,18113.6,18133.735714285714,18073.328571428567,18133.735714285714,loss,-1.0993260021284061,2024-08-07 09:45:00-04:00,2024-08-07 13:00:00-04:00
2024-08-07 13:45:00-04:00,2024-08-07 13:47:00-04:00,short,pm,fvg,18102.7,18121.735714285714,18064.628571428573,18064.628571428573,win,1.8949343339587212,2024-08-07 09:45:00-04:00,2024-08-07 13:00:00-04:00
2024-08-12 09:50:00-04:00,2024-08-12 09:57:00-04:00,short,am,fvg,18492.5,18514.435714285715,18448.62857142857,18448.62857142857,win,1.908824487137744,2024-08-12 08:30:00-04:00,2024-08-12 09:30:00-04:00
2024-08-12 10:00:00-04:00,2024-08-12 10:05:00-04:00,short,am,fvg,18471.0,18494.135714285712,18424.728571428575,18494.135714285712,loss,-1.0864464340846014,2024-08-12 08:30:00-04:00,2024-08-12 09:30:00-04:00
2024-08-12 10:52:00-04:00,2024-08-12 11:02:00-04:00,short,am,fvg,18638.3,18652.735714285714,18609.42857142857,18652.735714285714,loss,-1.1385452746165174,2024-08-12 08:30:00-04:00,2024-08-12 09:30:00-04:00
2024-08-13 09:30:00-04:00,2024-08-13 09:31:00-04:00,long,am,fvg,18745.5,18733.367857142857,18769.764285714286,18769.764285714286,win,1.8351486605828657,2024-08-13 06:45:00-04:00,2024-08-13 09:15:00-04:00
2024-08-13 09:33:00-04:00,2024-08-13 09:34:00-04:00,long,am,fvg,18767.0,18754.6,18791.800000000003,18791.800000000003,win,1.8387096774193739,2024-08-13 06:45:00-04:00,2024-08-13 09:15:00-04:00
2024-08-13 09:48:00-04:00,2024-08-13 10:01:00-04:00,long,am,fvg,18788.8,18769.785714285714,18826.82857142857,18826.82857142857,win,1.894815927873778,2024-08-13 06:45:00-04:00,2024-08-13 09:15:00-04:00
2024-08-13 10:02:00-04:00,2024-08-13 10:17:00-04:00,long,am,fvg,18804.2,18787.035714285714,18838.528571428575,18787.035714285714,loss,-1.1165210153974114,2024-08-13 06:45:00-04:00,2024-08-13 09:15:00-04:00
2024-08-13 10:36:00-04:00,2024-08-13 10:46:00-04:00,long,am,fvg,18794.3,18778.57857142857,18825.742857142857,18825.742857142857,win,1.8727850976828748,2024-08-13 06:45:00-04:00,2024-08-13 09:15:00-04:00
2024-08-13 10:52:00-04:00,2024-08-13 11:04:00-04:00,long,am,fvg,18844.1,18833.035714285714,18866.228571428568,18866.228571428568,win,1.8192382182052784,2024-08-13 06:45:00-04:00,2024-08-13 09:15:00-04:00
2024-08-14 09:30:00-04:00,2024-08-14 09:31:00-04:00,long,am,fvg,19061.6,19053.27142857143,19078.25714285714,19078.25714285714,win,1.7598627787306702,2024-08-14 08:30:00-04:00,2024-08-14 09:15:00-04:00
2024-08-14 10:31:00-04:00,2024-08-14 10:32:00-04:00,long,am,fvg,18905.8,18889.95,18937.499999999996,18889.95,loss,-1.1261829652996962,2024-08-14 08:30:00-04:00,2024-08-14 09:15:00-04:00
2024-08-14 11:48:00-04:00,2024-08-14 11:51:00-04:00,long,am,fvg,19059.3,19049.864285714284,19078.17142857143,19078.17142857143,win,1.7880393641181134,2024-08-14 10:30:00-04:00,2024-08-14 11:45:00-04:00
2024-08-14 13:08:00-04:00,2024-08-14 13:10:00-04:00,long,pm,fvg,19003.4,18993.050000000003,19024.1,18993.050000000003,loss,-1.1932367149758725,2024-08-14 10:30:00-04:00,2024-08-14 11:45:00-04:00
2024-08-14 13:14:00-04:00,2024-08-14 13:31:00-04:00,long,pm,fvg,18985.0,18973.142857142855,19008.71428571429,19008.71428571429,win,1.831325301204849,2024-08-14 10:30:00-04:00,2024-08-14 11:45:00-04:00
2024-08-14 13:45:00-04:00,2024-08-14 14:00:00-04:00,long,pm,fvg,18987.0,18976.40714285714,19008.18571428572,18976.40714285714,loss,-1.1888064733647603,2024-08-14 10:30:00-04:00,2024-08-14 11:45:00-04:00
2024-08-15 09:30:00-04:00,2024-08-15 09:31:00-04:00,long,am,fvg,19257.6,19249.592857142856,19273.614285714284,19273.614285714284,win,1.750223015165028,2024-08-15 07:00:00-04:00,2024-08-15 08:30:00-04:00
2024-08-15 10:00:00-04:00,2024-08-15 10:02:00-04:00,long,am,fvg,19365.5,19351.02857142857,19394.442857142858,19394.442857142858,win,1.861796643632778,2024-08-15 07:00:00-04:00,2024-08-15 08:30:00-04:00
2024-08-15 10:15:00-04:00,2024-08-15 10:29:00-04:00,long,am,fvg,19357.1,19338.55,19394.199999999997,19394.199999999997,win,1.8921832884096992,2024-08-15 07:00:00-04:00,2024-08-15 08:30:00-04:00
2024-08-19 10:48:00-04:00,2024-08-19 10:51:00-04:00,long,am,fvg,19533.2,19521.47857142857,19556.64285714286,19556.64285714286,win,1.829372333942724,2024-08-19 10:15:00-04:00,2024-08-19 10:45:00-04:00
2024-08-19 10:55:00-04:00,2024-08-19 11:03:00-04:00,long,am,fvg,19564.0,19552.14285714286,19587.714285714283,19587.714285714283,win,1.8313253012047972,2024-08-19 10:15:00-04:00,2024-08-19 10:45:00-04:00
2024-08-19 11:05:00-04:00,2024-08-19 11:12:00-04:00,long,am,fvg,19582.5,19573.89285714286,19599.714285714283,19573.89285714286,loss,-1.2323651452282578,2024-08-19 10:15:00-04:00,2024-08-19 10:45:00-04:00
2024-08-19 11:54:00-04:00,2024-08-19 11:55:00-04:00,long,am,fvg,19593.0,19585.12142857143,19608.75714285714,19585.12142857143,loss,-1.2538531278332425,2024-08-19 10:15:00-04:00,2024-08-19 10:45:00-04:00
2024-08-27 11:01:00-04:00,2024-08-27 11:18:00-04:00,long,am,fvg,19611.7,19598.635714285716,19637.82857142857,19598.635714285716,loss,-1.1530891197375726,2024-08-27 09:45:00-04:00,2024-08-27 10:30:00-04:00
2024-08-30 11:03:00-04:00,2024-08-30 11:31:00-04:00,short,am,fvg,19437.2,19469.135714285716,19373.32857142857,19373.32857142857,win,1.9373741892194158,2024-08-30 10:00:00-04:00,2024-08-30 10:45:00-04:00
2024-08-30 11:33:00-04:00,2024-08-30 11:35:00-04:00,short,am,fvg,19389.1,19405.25,19356.799999999996,19405.25,loss,-1.1238390092879145,2024-08-30 10:00:00-04:00,2024-08-30 10:45:00-04:00
2024-08-30 11:59:00-04:00,2024-08-30 12:00:00-04:00,short,am,fvg,19409.8,19422.414285714287,19384.571428571424,19384.571428571424,win,1.8414496036240338,2024-08-30 10:00:00-04:00,2024-08-30 10:45:00-04:00
2024-09-06 10:36:00-04:00,2024-09-06 10:42:00-04:00,short,am,fvg,18578.2,18602.800000000003,18528.999999999996,18528.999999999996,win,1.9186991869918772,2024-09-06 09:15:00-04:00,2024-09-06 10:15:00-04:00
2024-09-06 11:00:00-04:00,2024-09-06 11:03:00-04:00,short,am,fvg,18591.9,18610.678571428572,18554.34285714286,18554.34285714286,win,1.8934956257131965,2024-09-06 09:15:00-04:00,2024-09-06 10:15:00-04:00
2024-09-06 11:06:00-04:00,2024-09-06 11:17:00-04:00,short,am,fvg,18541.3,18572.285714285714,18479.32857142857,18479.32857142857,win,1.935454126325496,2024-09-06 09:15:00-04:00,2024-09-06 10:15:00-04:00
2024-09-06 11:32:00-04:00,2024-09-06 11:36:00-04:00,short,am,fvg,18515.0,18535.114285714284,18474.771428571432,18474.771428571432,win,1.9005681818181737,2024-09-06 09:15:00-04:00,2024-09-06 10:15:00-04:00
2024-09-06 11:37:00-04:00,2024-09-06 11:42:00-04:00,short,am,fvg,18493.3,18513.35714285714,18453.185714285715,18453.185714285715,win,1.900284900284896,2024-09-06 09:15:00-04:00,2024-09-06 10:15:00-04:00
2024-09-11 10:22:00-04:00,2024-09-11 10:30:00-04:00,short,am,fvg,18663.0,18689.3,18610.4,18610.4,win,1.923954372623572,2024-09-11 09:15:00-04:00,2024-09-11 10:00:00-04:00
2024-09-11 10:33:00-04:00,2024-09-11 10:43:00-04:00,short,am,fvg,18613.9,18635.282142857144,18571.135714285716,18571.135714285716,win,1.9064640053449136,2024-09-11 09:15:00-04:00,2024-09-11 10:00:00-04:00
2024-09-11 10:45:00-04:00,2024-09-11 10:52:00-04:00,short,am,fvg,18570.3,18588.35714285714,18534.185714285715,18534.185714285715,win,1.889240506329109,2024-09-11 09:15:00-04:00,2024-09-11 10:00:00-04:00
2024-09-11 11:11:00-04:00,2024-09-11 11:13:00-04:00,short,am,fvg,18629.8,18650.18571428571,18589.028571428575,18650.18571428571,loss,-1.098107918710591,2024-09-11 09:15:00-04:00,2024-09-11 10:00:00-04:00
2024-09-11 11:58:00-04:00,2024-09-11 11:59:00-04:00,short,am,fvg,18753.6,18770.02857142857,18720.742857142854,18770.02857142857,loss,-1.1217391304347748,2024-09-11 09:15:00-04:00,2024-09-11 10:00:00-04:00
2024-09-13 10:13:00-04:00,2024-09-13 10:24:00-04:00,long,am,fvg,19459.3,19436.321428571428,19505.257142857143,19505.257142857143,win,1.9129623873173776,2024-09-13 09:30:00-04:00,2024-09-13 10:00:00-04:00
2024-09-13 10:26:00-04:00,2024-09-13 10:27:00-04:00,long,am,fvg,19477.9,19461.714285714286,19510.271428571432,19461.714285714286,loss,-1.1235657546337086,2024-09-13 09:30:00-04:00,2024-09-13 10:00:00-04:00
2024-09-13 10:38:00-04:00,2024-09-13 10:43:00-04:00,long,am,fvg,19447.0,19425.67142857143,19489.65714285714,19489.65714285714,win,1.9062290689886086,2024-09-13 09:30:00-04:00,2024-09-13 10:00:00-04:00
2024-09-13 10:43:00-04:00,2024-09-13 10:45:00-04:00,long,am,fvg,19477.8,19460.52857142857,19512.342857142856,19512.342857142856,win,1.8842018196856887,2024-09-13 09:30:00-04:00,2024-09-13 10:00:00-04:00
2024-09-13 10:47:00-04:00,2024-09-13 10:51:00-04:00,long,am,fvg,19504.3,19490.492857142857,19531.914285714283,19490.492857142857,loss,-1.1448525607863511,2024-09-13 09:30:00-04:00,2024-09-13 10:00:00-04:00
2024-09-13 11:14:00-04:00,2024-09-13 11:23:00-04:00,long,am,fvg,19506.3,19494.807142857142,19529.285714285714,19494.807142857142,loss,-1.1740211311373507,2024-09-13 09:30:00-04:00,2024-09-13 10:00:00-04:00
2024-09-13 11:23:00-04:00,2024-09-13 11:37:00-04:00,long,am,fvg,19501.4,19490.414285714287,19523.37142857143,19490.414285714287,loss,-1.182054616384912,2024-09-13 09:30:00-04:00,2024-09-13 10:00:00-04:00
2024-09-13 11:42:00-04:00,2024-09-13 11:48:00-04:00,long,am,fvg,19503.3,19493.821428571428,19522.257142857143,19522.257142857143,win,1.788997739261499,2024-09-13 09:30:00-04:00,2024-09-13 10:00:00-04:00
2024-09-18 03:03:00-04:00,2024-09-18 03:21:00-04:00,long,london,fvg,19483.2,19478.2,19493.2,19478.2,loss,-1.4,2024-09-18 01:30:00-04:00,2024-09-18 03:00:00-04:00
2024-09-18 03:32:00-04:00,2024-09-18 03:41:00-04:00,long,london,fvg,19457.1,19451.464285714283,19468.37142857143,19451.464285714283,loss,-1.354879594423216,2024-09-18 01:30:00-04:00,2024-09-18 03:00:00-04:00
2024-09-18 03:46:00-04:00,2024-09-18 03:51:00-04:00,long,london,fvg,19455.0,19449.77857142857,19465.442857142858,19465.442857142858,win,1.6169630642955162,2024-09-18 01:30:00-04:00,2024-09-18 03:00:00-04:00
2024-09-18 03:52:00-04:00,2024-09-18 04:01:00-04:00,long,london,fvg,19462.5,19457.235714285714,19473.02857142857,19457.235714285714,loss,-1.3799185888738277,2024-09-18 01:30:00-04:00,2024-09-18 03:00:00-04:00
2024-09-18 04:18:00-04:00,2024-09-18 04:21:00-04:00,long,london,fvg,19434.8,19429.22857142857,19445.942857142854,19445.942857142854,win,1.6410256410255741,2024-09-18 01:30:00-04:00,2024-09-18 03:00:00-04:00
2024-09-18 14:20:00-04:00,2024-09-18 14:34:00-04:00,long,pm,fvg,19560.0,19520.814285714285,19638.37142857143,19638.37142857143,win,1.9489609916150212,2024-09-18 12:00:00-04:00,2024-09-18 14:15:00-04:00
2024-09-18 14:35:00-04:00,2024-09-18 14:36:00-04:00,long,pm,fvg,19573.9,19550.72142857143,19620.257142857146,19550.72142857143,loss,-1.086286594761167,2024-09-18 12:00:00-04:00,2024-09-18 14:15:00-04:00
2024-09-18 15:15:00-04:00,2024-09-18 15:20:00-04:00,long,pm,fvg,19459.5,19419.607142857145,19539.28571428571,19419.607142857145,loss,-1.0501342882721603,2024-09-18 12:00:00-04:00,2024-09-18 14:15:00-04:00
2024-09-18 15:29:00-04:00,2024-09-18 15:34:00-04:00,long,pm,fvg,19497.8,19456.742857142857,19579.914285714283,19456.742857142857,loss,-1.0487125956854568,2024-09-18 12:00:00-04:00,2024-09-18 14:15:00-04:00
2024-09-20 09:39:00-04:00,2024-09-20 09:42:00-04:00,long,am,fvg,19829.8,19812.514285714286,19864.371428571427,19812.514285714286,loss,-1.1157024793388464,2024-09-20 06:00:00-04:00,2024-09-20 08:30:00-04:00
2024-09-20 10:26:00-04:00,2024-09-20 10:31:00-04:00,long,am,fvg,19779.3,19764.485714285714,19808.92857142857,19764.485714285714,loss,-1.13500482160078,2024-09-20 06:00:00-04:00,2024-09-20 08:30:00-04:00
2024-09-24 11:56:00-04:00,2024-09-24 11:58:00-04:00,long,am,fvg,19991.0,19979.214285714286,20014.571428571428,19979.214285714286,loss,-1.1696969696969772,2024-09-24 10:30:00-04:00,2024-09-24 11:45:00-04:00
2024-09-24 13:08:00-04:00,2024-09-24 14:00:00-04:00,long,pm,fvg,19961.4,19951.29285714286,19981.614285714284,19951.29285714286,loss,-1.1978798586572743,2024-09-24 10:30:00-04:00,2024-09-24 11:45:00-04:00
2024-10-02 09:30:00-04:00,2024-10-02 09:31:00-04:00,long,am,fvg,19729.9,19722.62142857143,19744.457142857143,19722.62142857143,loss,-1.2747791952895153,2024-10-02 06:00:00-04:00,2024-10-02 08:30:00-04:00
2024-10-02 09:51:00-04:00,2024-10-02 10:03:00-04:00,long,am,fvg,19709.5,19678.432142857142,19771.635714285716,19771.635714285716,win,1.9356247844579855,2024-10-02 06:00:00-04:00,2024-10-02 08:30:00-04:00
2024-10-02 11:05:00-04:00,2024-10-02 11:07:00-04:00,long,am,fvg,19839.3,19822.835714285713,19872.22857142857,19822.835714285713,loss,-1.121475054229931,2024-10-02 09:45:00-04:00,2024-10-02 11:00:00-04:00
2024-10-02 11:13:00-04:00,2024-10-02 11:15:00-04:00,long,am,fvg,19836.1,19820.492857142854,19867.31428571429,19867.31428571429,win,1.8718535469107722,2024-10-02 09:45:00-04:00,2024-10-02 11:00:00-04:00
2024-10-02 11:21:00-04:00,2024-10-02 11:22:00-04:00,long,am,fvg,19884.3,19868.835714285713,19915.22857142857,19868.835714285713,loss,-1.1293302540415662,2024-10-02 09:45:00-04:00,2024-10-02 11:00:00-04:00
2024-10-02 11:31:00-04:00,2024-10-02 11:53:00-04:00,long,am,fvg,19862.9,19850.22142857143,19888.257142857146,19850.22142857143,loss,-1.1577464788732266,2024-10-02 09:45:00-04:00,2024-10-02 11:00:00-04:00
2024-10-10 13:02:00-04:00,2024-10-10 13:05:00-04:00,long,pm,fvg,20278.8,20268.171428571426,20300.057142857146,20268.171428571426,loss,-1.1881720430107214,2024-10-10 09:45:00-04:00,2024-10-10 11:45:00-04:00
2024-10-10 13:23:00-04:00,2024-10-10 13:43:00-04:00,long,pm,fvg,20290.3,20279.242857142857,20312.414285714283,20279.242857142857,loss,-1.1808785529715897,2024-10-10 09:45:00-04:00,2024-10-10 11:45:00-04:00
2024-10-21 10:08:00-04:00,2024-10-21 10:13:00-04:00,long,am,fvg,20385.6,20373.20928571429,20410.381428571418,20373.20928571429,loss,-1.1614111950193715,2024-10-21 07:30:00-04:00,2024-10-21 10:00:00-04:00
2024-10-21 10:21:00-04:00,2024-10-21 10:24:00-04:00,long,am,fvg,20397.0,20385.814285714285,20419.37142857143,20385.814285714285,loss,-1.1787994891443017,2024-10-21 07:30:00-04:00,2024-10-21 10:00:00-04:00
2024-10-21 10:49:00-04:00,2024-10-21 11:02:00-04:00,long,am,fvg,20283.6,20265.62857142857,20319.542857142857,20265.62857142857,loss,-1.1112877583465792,2024-10-21 07:30:00-04:00,2024-10-21 10:00:00-04:00
2024-10-21 11:15:00-04:00,2024-10-21 11:25:00-04:00,long,am,fvg,20240.3,20224.2,20272.499999999996,20224.2,loss,-1.1242236024844834,2024-10-21 07:30:00-04:00,2024-10-21 10:00:00-04:00
2024-10-21 11:37:00-04:00,2024-10-21 11:39:00-04:00,long,am,fvg,20234.1,20223.285714285714,20255.728571428568,20255.728571428568,win,1.8150594451783195,2024-10-21 07:30:00-04:00,2024-10-21 10:00:00-04:00
2024-10-22 10:09:00-04:00,2024-10-22 10:22:00-04:00,long,am,fvg,20356.3,20337.4,20394.099999999995,20337.4,loss,-1.105820105820118,2024-10-22 08:45:00-04:00,2024-10-22 10:00:00-04:00
2024-10-22 10:25:00-04:00,2024-10-22 10:43:00-04:00,long,am,fvg,20357.8,20343.064285714285,20387.27142857143,20343.064285714285,loss,-1.1357246728065904,2024-10-22 08:45:00-04:00,2024-10-22 10:00:00-04:00
2024-10-22 11:11:00-04:00,2024-10-22 11:19:00-04:00,long,am,fvg,20344.2,20334.514285714286,20363.57142857143,20334.514285714286,loss,-1.2064896755162042,2024-10-22 08:45:00-04:00,2024-10-22 10:00:00-04:00
2024-10-22 11:42:00-04:00,2024-10-22 11:47:00-04:00,long,am,fvg,20349.1,20342.664285714283,20361.97142857143,20342.664285714283,loss,-1.310765815760221,2024-10-22 08:45:00-04:00,2024-10-22 10:00:00-04:00
2024-10-22 11:57:00-04:00,2024-10-22 11:59:00-04:00,long,am,fvg,20348.5,20341.207142857143,20363.085714285713,20341.207142857143,loss,-1.2742409402546757,2024-10-22 08:45:00-04:00,2024-10-22 10:00:00-04:00
2024-10-29 03:00:00-04:00,2024-10-29 03:01:00-04:00,long,london,fvg,20425.1,20420.1,20435.1,20435.1,win,1.6,2024-10-29 00:00:00-04:00,2024-10-29 02:30:00-04:00
2024-10-29 03:04:00-04:00,2024-10-29 03:06:00-04:00,long,london,fvg,20430.2,20425.2,20440.2,20425.2,loss,-1.4,2024-10-29 00:00:00-04:00,2024-10-29 02:30:00-04:00
2024-10-29 03:24:00-04:00,2024-10-29 03:29:00-04:00,long,london,fvg,20428.7,20423.7,20438.7,20438.7,win,1.6,2024-10-29 00:00:00-04:00,2024-10-29 02:30:00-04:00
2024-10-29 04:12:00-04:00,2024-10-29 04:16:00-04:00,long,london,fvg,20394.4,20387.692857142858,20407.81428571429,20387.692857142858,loss,-1.2981895633652545,2024-10-29 00:00:00-04:00,2024-10-29 02:30:00-04:00
2024-10-29 11:20:00-04:00,2024-10-29 11:36:00-04:00,long,am,fvg,20476.7,20465.842857142856,20498.41428571429,20465.842857142856,loss,-1.1842105263157543,2024-10-29 09:30:00-04:00,2024-10-29 10:30:00-04:00
2024-10-29 11:39:00-04:00,2024-10-29 12:00:00-04:00,long,am,fvg,20483.9,20471.265714285713,20509.168571428578,20509.168571428578,win,1.841700587969275,2024-10-29 09:30:00-04:00,2024-10-29 10:30:00-04:00
2024-11-13 09:30:00-05:00,2024-11-13 09:31:00-05:00,long,am,fvg,21096.8,21090.0,21110.399999999998,21090.0,loss,-1.294117647058855,2024-11-13 07:00:00-05:00,2024-11-13 08:30:00-05:00
2024-11-13 09:45:00-05:00,2024-11-13 09:49:00-05:00,long,am,fvg,21082.4,21064.535714285714,21118.128571428577,21064.535714285714,loss,-1.1119552179128225,2024-11-13 07:00:00-05:00,2024-11-13 08:30:00-05:00
2024-11-13 10:13:00-05:00,2024-11-13 11:20:00-05:00,long,am,fvg,21017.4,20995.77857142857,21060.642857142862,21060.642857142862,win,1.9074991740997767,2024-11-13 07:00:00-05:00,2024-11-13 08:30:00-05:00
2024-11-21 10:32:00-05:00,2024-11-21 10:36:00-05:00,short,am,fvg,20486.2,20513.942857142858,20430.714285714286,20513.942857142858,loss,-1.0720906282183313,2024-11-21 09:30:00-05:00,2024-11-21 10:15:00-05:00
2024-11-21 10:39:00-05:00,2024-11-21 10:42:00-05:00,short,am,fvg,20479.6,20507.671428571426,20423.457142857143,20507.671428571426,loss,-1.071246819338425,2024-11-21 09:30:00-05:00,2024-11-21 10:15:00-05:00
2024-11-21 11:11:00-05:00,2024-11-21 11:14:00-05:00,short,am,fvg,20643.0,20662.10714285714,20604.785714285717,20662.10714285714,loss,-1.1046728971962703,2024-11-21 09:30:00-05:00,2024-11-21 10:15:00-05:00
2024-11-21 11:21:00-05:00,2024-11-21 11:24:00-05:00,short,am,fvg,20653.1,20669.971428571425,20619.357142857145,20669.971428571425,loss,-1.118543607112629,2024-11-21 09:30:00-05:00,2024-11-21 10:15:00-05:00
2024-11-21 11:38:00-05:00,2024-11-21 11:47:00-05:00,short,am,fvg,20679.9,20697.457142857143,20644.785714285717,20644.785714285717,win,1.8860862489829076,2024-11-21 09:30:00-05:00,2024-11-21 10:15:00-05:00
2024-11-21 11:50:00-05:00,2024-11-21 12:09:00-05:00,short,am,fvg,20654.8,20671.928571428572,20620.542857142853,20671.928571428572,loss,-1.1167639699749672,2024-11-21 09:30:00-05:00,2024-11-21 10:15:00-05:00
2024-11-29 10:01:00-05:00,2024-11-29 10:07:00-05:00,long,am,fvg,20868.2,20856.885714285716,20890.82857142857,20890.82857142857,win,1.8232323232323087,2024-11-29 09:30:00-05:00,2024-11-29 09:45:00-05:00
2024-11-29 11:06:00-05:00,2024-11-29 11:09:00-05:00,long,am,fvg,20912.9,20905.75,20927.200000000004,20927.200000000004,win,1.7202797202797773,2024-11-29 09:30:00-05:00,2024-11-29 09:45:00-05:00
2024-11-29 11:10:00-05:00,2024-11-29 11:11:00-05:00,long,am,fvg,20923.5,20915.60714285714,20939.285714285717,20939.285714285717,win,1.746606334841679,2024-11-29 09:30:00-05:00,2024-11-29 09:45:00-05:00
2024-11-29 11:14:00-05:00,2024-11-29 11:36:00-05:00,long,am,fvg,20942.1,20926.274285714284,20973.751428571428,20926.274285714284,loss,-1.126376602274776,2024-11-29 09:30:00-05:00,2024-11-29 09:45:00-05:00
2024-11-29 11:44:00-05:00,2024-11-29 11:49:00-05:00,long,am,fvg,20933.4,20926.928571428572,20946.34285714286,20946.34285714286,win,1.6909492273730882,2024-11-29 09:30:00-05:00,2024-11-29 09:45:00-05:00
2024-12-03 11:19:00-05:00,2024-12-03 11:26:00-05:00,long,am,fvg,21188.6,21180.5,21204.799999999996,21204.799999999996,win,1.753086419753042,2024-12-03 09:30:00-05:00,2024-12-03 11:15:00-05:00
2024-12-03 11:33:00-05:00,2024-12-03 11:35:00-05:00,long,am,fvg,21199.9,21191.135714285716,21217.428571428572,21191.135714285716,loss,-1.2281988590057105,2024-12-03 09:30:00-05:00,2024-12-03 11:15:00-05:00
2024-12-03 13:03:00-05:00,2024-12-03 13:06:00-05:00,long,pm,fvg,21193.2,21187.242857142857,21205.114285714288,21205.114285714288,win,1.6642685851319297,2024-12-03 09:30:00-05:00,2024-12-03 11:15:00-05:00
2024-12-04 10:37:00-05:00,2024-12-04 10:39:00-05:00,long,am,fvg,21447.6,21438.27142857143,21466.25714285714,21438.27142857143,loss,-1.2143950995406083,2024-12-04 10:00:00-05:00,2024-12-04 10:15:00-05:00
2024-12-04 11:10:00-05:00,2024-12-04 11:19:00-05:00,long,am,fvg,21443.9,21436.64285714286,21458.414285714287,21436.64285714286,loss,-1.2755905511811063,2024-12-04 10:00:00-05:00,2024-12-04 10:15:00-05:00
2024-12-04 11:59:00-05:00,2024-12-04 12:21:00-05:00,long,am,fvg,21439.3,21433.385714285712,21451.128571428573,21433.385714285712,loss,-1.3381642512076581,2024-12-04 10:00:00-05:00,2024-12-04 10:15:00-05:00
2024-12-05 13:02:00-05:00,2024-12-05 13:05:00-05:00,long,pm,fvg,21516.7,21511.7,21526.7,21511.7,loss,-1.4,2024-12-05 10:45:00-05:00,2024-12-05 12:00:00-05:00
2024-12-05 13:28:00-05:00,2024-12-05 13:34:00-05:00,long,pm,fvg,21462.1,21452.564285714285,21481.171428571426,21481.171428571426,win,1.7902621722846328,2024-12-05 10:45:00-05:00,2024-12-05 12:00:00-05:00
2024-12-06 09:49:00-05:00,2024-12-06 10:11:00-05:00,long,am,fvg,21555.5,21541.57785714286,21583.34428571428,21583.34428571428,win,1.8563439536195898,2024-12-06 08:30:00-05:00,2024-12-06 09:30:00-05:00
2024-12-06 10:28:00-05:00,2024-12-06 10:31:00-05:00,long,am,fvg,21598.0,21588.635714285716,21616.728571428568,21588.635714285716,loss,-1.213577421815446,2024-12-06 08:30:00-05:00,2024-12-06 09:30:00-05:00
2024-12-06 10:38:00-05:00,2024-12-06 10:40:00-05:00,long,am,fvg,21602.8,21594.40714285714,21619.585714285717,21594.40714285714,loss,-1.2382978723403812,2024-12-06 08:30:00-05:00,2024-12-06 09:30:00-05:00
2024-12-06 11:03:00-05:00,2024-12-06 11:09:00-05:00,long,am,fvg,21582.5,21571.963571428572,21603.572857142855,21571.963571428572,loss,-1.1898176394820852,2024-12-06 08:30:00-05:00,2024-12-06 09:30:00-05:00
2024-12-06 11:18:00-05:00,2024-12-06 11:31:00-05:00,long,am,fvg,21572.4,21560.771428571432,21595.65714285714,21595.65714285714,win,1.8280098280098003,2024-12-06 08:30:00-05:00,2024-12-06 09:30:00-05:00
2024-12-11 04:10:00-05:00,2024-12-11 04:11:00-05:00,long,london,fvg,21424.1,21419.1,21434.1,21419.1,loss,-1.4,2024-12-11 02:30:00-05:00,2024-12-11 04:00:00-05:00
2024-12-11 04:15:00-05:00,2024-12-11 04:17:00-05:00,long,london,fvg,21427.1,21422.1,21437.1,21422.1,loss,-1.4,2024-12-11 02:30:00-05:00,2024-12-11 04:00:00-05:00
2024-12-11 04:31:00-05:00,2024-12-11 05:19:00-05:00,long,london,fvg,21423.1,21418.1,21433.1,21418.1,loss,-1.4,2024-12-11 02:30:00-05:00,2024-12-11 04:00:00-05:00
2024-12-16 04:14:00-05:00,2024-12-16 04:25:00-05:00,long,london,fvg,21897.9,21892.9,21907.9,21892.9,loss,-1.4,2024-12-16 02:30:00-05:00,2024-12-16 04:00:00-05:00
2024-12-16 04:30:00-05:00,2024-12-16 04:35:00-05:00,long,london,fvg,21896.9,21891.9,21906.9,21906.9,win,1.6,2024-12-16 02:30:00-05:00,2024-12-16 04:00:00-05:00
2024-12-16 04:37:00-05:00,2024-12-16 04:46:00-05:00,long,london,fvg,21906.4,21901.4,21916.4,21916.4,win,1.6,2024-12-16 02:30:00-05:00,2024-12-16 04:00:00-05:00
2024-12-16 04:50:00-05:00,2024-12-16 05:00:00-05:00,long,london,fvg,21915.4,21910.4,21925.4,21925.4,win,1.6,2024-12-16 02:30:00-05:00,2024-12-16 04:00:00-05:00
2024-12-20 03:34:00-05:00,2024-12-20 03:37:00-05:00,short,london,fvg,21000.6,21009.871428571427,20982.057142857142,20982.057142857142,win,1.7842835130970651,2024-12-20 02:00:00-05:00,2024-12-20 03:30:00-05:00
2024-12-20 03:41:00-05:00,2024-12-20 03:50:00-05:00,short,london,fvg,20955.3,20979.885714285712,20906.128571428573,20979.885714285712,loss,-1.0813480534572963,2024-12-20 02:00:00-05:00,2024-12-20 03:30:00-05:00
2024-12-20 04:09:00-05:00,2024-12-20 04:10:00-05:00,short,london,fvg,20945.9,20955.95,20925.800000000003,20955.95,loss,-1.1990049751243925,2024-12-20 02:00:00-05:00,2024-12-20 03:30:00-05:00
2025-01-07 11:13:00-05:00,2025-01-07 11:22:00-05:00,short,am,fvg,21346.4,21369.521428571432,21300.15714285714,21369.521428571432,loss,-1.086499845535983,2025-01-07 09:30:00-05:00,2025-01-07 10:00:00-05:00
2025-01-07 11:24:00-05:00,2025-01-07 11:26:00-05:00,short,am,fvg,21374.3,21393.97142857143,21334.95714285714,21393.97142857143,loss,-1.1016702977487232,2025-01-07 09:30:00-05:00,2025-01-07 10:00:00-05:00
2025-01-07 11:32:00-05:00,2025-01-07 11:35:00-05:00,short,am,fvg,21367.5,21389.435714285715,21323.62857142857,21323.62857142857,win,1.908824487137744,2025-01-07 09:30:00-05:00,2025-01-07 10:00:00-05:00
2025-01-07 11:37:00-05:00,2025-01-07 11:39:00-05:00,short,am,fvg,21334.9,21359.97142857143,21284.757142857146,21359.97142857143,loss,-1.0797720797720831,2025-01-07 09:30:00-05:00,2025-01-07 10:00:00-05:00
2025-01-07 11:43:00-05:00,2025-01-07 11:51:00-05:00,short,am,fvg,21357.6,21384.821428571428,21303.15714285714,21303.15714285714,win,1.9265284702177916,2025-01-07 09:30:00-05:00,2025-01-07 10:00:00-05:00
2025-01-10 09:32:00-05:00,2025-01-10 09:35:00-05:00,short,am,fvg,21009.6,21031.0,20966.799999999996,20966.799999999996,win,1.9065420560747728,2025-01-10 05:45:00-05:00,2025-01-10 08:30:00-05:00
2025-01-10 09:41:00-05:00,2025-01-10 09:48:00-05:00,short,am,fvg,20948.0,20984.385714285712,20875.228571428575,20875.228571428575,win,1.9450333725952071,2025-01-10 05:45:00-05:00,2025-01-10 08:30:00-05:00
2025-01-10 09:49:00-05:00,2025-01-10 10:00:00-05:00,short,am,fvg,20883.0,20919.421428571426,20810.157142857148,20810.157142857148,win,1.9450872720141166,2025-01-10 05:45:00-05:00,2025-01-10 08:30:00-05:00
2025-01-14 10:47:00-05:00,2025-01-14 10:50:00-05:00,short,am,fvg,20851.4,20872.14285714286,20809.914285714287,20809.914285714287,win,1.9035812672176313,2025-01-14 09:30:00-05:00,2025-01-14 10:45:00-05:00
2025-01-14 10:51:00-05:00,2025-01-14 11:00:00-05:00,short,am,fvg,20823.8,20845.2,20780.999999999996,20780.999999999996,win,1.9065420560747728,2025-01-14 09:30:00-05:00,2025-01-14 10:45:00-05:00
2025-01-14 11:06:00-05:00,2025-01-14 11:22:00-05:00,short,am,fvg,20766.9,20787.014285714286,20726.671428571433,20787.014285714286,loss,-1.0994318181818263,2025-01-14 09:30:00-05:00,2025-01-14 10:45:00-05:00
2025-01-14 11:30:00-05:00,2025-01-14 11:38:00-05:00,short,am,fvg,20776.3,20794.077142857142,20740.745714285713,20740.745714285713,win,1.8874959819993593,2025-01-14 09:30:00-05:00,2025-01-14 10:45:00-05:00
2025-01-14 11:40:00-05:00,2025-01-14 11:41:00-05:00,short,am,fvg,20746.7,20764.807142857142,20710.485714285718,20710.485714285718,win,1.8895463510848032,2025-01-14 09:30:00-05:00,2025-01-14 10:45:00-05:00
2025-01-14 11:43:00-05:00,2025-01-14 11:57:00-05:00,short,am,fvg,20719.1,20737.784285714286,20681.731428571424,20681.731428571424,win,1.8929581772306847,2025-01-14 09:30:00-05:00,2025-01-14 10:45:00-05:00
2025-01-20 09:38:00-05:00,2025-01-20 09:43:00-05:00,long,am,fvg,21609.4,21598.485714285714,21631.228571428575,21631.228571428575,win,1.8167539267015915,2025-01-20 08:30:00-05:00,2025-01-20 08:45:00-05:00
2025-01-20 09:45:00-05:00,2025-01-20 09:51:00-05:00,long,am,fvg,21632.2,21618.6,21659.400000000005,21618.6,loss,-1.1470588235293881,2025-01-20 08:30:00-05:00,2025-01-20 08:45:00-05:00
2025-01-20 10:07:00-05:00,2025-01-20 10:10:00-05:00,long,am,fvg,21597.6,21586.292857142857,21620.214285714283,21586.292857142857,loss,-1.176879343019596,2025-01-20 08:30:00-05:00,2025-01-20 08:45:00-05:00
2025-01-21 13:03:00-05:00,2025-01-21 13:04:00-05:00,long,pm,fvg,21593.7,21587.785714285714,21605.528571428575,21605.528571428575,win,1.6618357487923419,2025-01-21 10:15:00-05:00,2025-01-21 12:45:00-05:00
2025-01-21 13:06:00-05:00,2025-01-21 13:10:00-05:00,long,pm,fvg,21601.5,21594.714285714286,21615.071428571428,21615.071428571428,win,1.7052631578947142,2025-01-21 10:15:00-05:00,2025-01-21 12:45:00-05:00
2025-01-21 13:18:00-05:00,2025-01-21 13:20:00-05:00,long,pm,fvg,21633.5,21625.05,21650.4,21625.05,loss,-1.236686390532524,2025-01-21 10:15:00-05:00,2025-01-21 12:45:00-05:00
2025-01-21 14:06:00-05:00,2025-01-21 14:12:00-05:00,long,pm,fvg,21626.1,21620.899999999998,21636.5,21620.899999999998,loss,-1.3846153846153308,2025-01-21 10:15:00-05:00,2025-01-21 12:45:00-05:00
2025-01-21 14:28:00-05:00,2025-01-21 14:30:00-05:00,long,pm,fvg,21609.5,21599.64285714286,21629.214285714283,21599.64285714286,loss,-1.2028985507246697,2025-01-21 10:15:00-05:00,2025-01-21 12:45:00-05:00
2025-01-30 03:11:00-05:00,2025-01-30 03:18:00-05:00,long,london,fvg,21571.7,21566.035714285714,21583.028571428575,21583.028571428575,win,1.6469104665826755,2025-01-30 02:00:00-05:00,2025-01-30 03:00:00-05:00
2025-01-30 03:22:00-05:00,2025-01-30 03:29:00-05:00,long,london,fvg,21594.1,21587.77142857143,21606.75714285714,21587.77142857143,loss,-1.3160270880361744,2025-01-30 02:00:00-05:00,2025-01-30 03:00:00-05:00
2025-01-30 03:52:00-05:00,2025-01-30 03:54:00-05:00,long,london,fvg,21583.4,21578.4,21593.4,21593.4,win,1.6,2025-01-30 02:00:00-05:00,2025-01-30 03:00:00-05:00
2025-01-30 04:09:00-05:00,2025-01-30 04:15:00-05:00,long,london,fvg,21567.5,21561.07857142857,21580.34285714286,21561.07857142857,loss,-1.3114571746384318,2025-01-30 02:00:00-05:00,2025-01-30 03:00:00-05:00
2025-01-30 10:28:00-05:00,2025-01-30 10:29:00-05:00,short,am,fvg,21461.2,21481.414285714287,21420.77142857143,21420.77142857143,win,1.9010600706713807,2025-01-30 09:45:00-05:00,2025-01-30 10:15:00-05:00
2025-01-30 10:34:00-05:00,2025-01-30 10:35:00-05:00,short,am,fvg,21433.5,21457.078571428574,21386.342857142852,21457.078571428574,loss,-1.084822780975453,2025-01-30 09:45:00-05:00,2025-01-30 10:15:00-05:00
2025-01-30 11:00:00-05:00,2025-01-30 11:02:00-05:00,short,am,fvg,21371.0,21390.4,21332.199999999997,21332.199999999997,win,1.896907216494853,2025-01-30 09:45:00-05:00,2025-01-30 10:15:00-05:00
2025-01-31 09:33:00-05:00,2025-01-31 09:35:00-05:00,long,am,fvg,21702.5,21682.973571428574,21741.55285714285,21682.973571428574,loss,-1.102425284413082,2025-01-31 09:15:00-05:00,2025-01-31 09:30:00-05:00
2025-01-31 09:49:00-05:00,2025-01-31 09:54:00-05:00,long,am,fvg,21713.8,21692.564285714285,21756.27142857143,21756.27142857143,win,1.9058190380087463,2025-01-31 09:15:00-05:00,2025-01-31 09:30:00-05:00
2025-01-31 09:56:00-05:00,2025-01-31 09:58:00-05:00,long,am,fvg,21743.2,21724.685714285715,21780.22857142857,21724.685714285715,loss,-1.1080246913580258,2025-01-31 09:15:00-05:00,2025-01-31 09:30:00-05:00
2025-01-31 10:08:00-05:00,2025-01-31 10:11:00-05:00,long,am,fvg,21768.4,21752.685714285715,21799.828571428574,21799.828571428574,win,1.872727272727277,2025-01-31 09:15:00-05:00,2025-01-31 09:30:00-05:00
2025-01-31 10:13:00-05:00,2025-01-31 10:21:00-05:00,long,am,fvg,21783.4,21767.107142857145,21815.985714285714,21767.107142857145,loss,-1.1227531784305176,2025-01-31 09:15:00-05:00,2025-01-31 09:30:00-05:00
2025-01-31 10:42:00-05:00,2025-01-31 10:45:00-05:00,long,am,fvg,21801.3,21789.309285714287,21825.281428571423,21789.309285714287,loss,-1.1667957347948152,2025-01-31 09:15:00-05:00,2025-01-31 09:30:00-05:00
2025-01-31 10:50:00-05:00,2025-01-31 10:56:00-05:00,long,am,fvg,21809.9,21797.757142857146,21834.18571428571,21834.18571428571,win,1.8352941176470305,2025-01-31 09:15:00-05:00,2025-01-31 09:30:00-05:00
2025-01-31 10:56:00-05:00,2025-01-31 10:58:00-05:00,long,am,fvg,21825.2,21813.65,21848.3,21848.3,win,1.8268398268398158,2025-01-31 09:15:00-05:00,2025-01-31 09:30:00-05:00
2025-01-31 11:03:00-05:00,2025-01-31 11:04:00-05:00,long,am,fvg,21851.0,21839.114285714288,21874.771428571425,21839.114285714288,loss,-1.1682692307692588,2025-01-31 09:15:00-05:00,2025-01-31 09:30:00-05:00
2025-01-31 11:11:00-05:00,2025-01-31 11:21:00-05:00,long,am,fvg,21836.7,21826.007142857143,21858.085714285717,21826.007142857143,loss,-1.187040748162978,2025-01-31 09:15:00-05:00,2025-01-31 09:30:00-05:00
2025-02-06 10:20:00-05:00,2025-02-06 10:24:00-05:00,long,am,fvg,21733.5,21720.985714285714,21758.52857142857,21720.985714285714,loss,-1.1598173515981762,2025-02-06 07:00:00-05:00,2025-02-06 10:00:00-05:00
2025-02-06 10:39:00-05:00,2025-02-06 10:40:00-05:00,long,am,fvg,21670.9,21657.942857142858,21696.81428571429,21696.81428571429,win,1.84564498346197,2025-02-06 07:00:00-05:00,2025-02-06 10:00:00-05:00
2025-02-06 11:12:00-05:00,2025-02-06 11:30:00-05:00,long,am,fvg,21705.4,21695.707142857143,21724.785714285717,21695.707142857143,loss,-1.2063375092114783,2025-02-06 07:00:00-05:00,2025-02-06 10:00:00-05:00
2025-02-06 15:56:00-05:00,2025-02-06 16:01:00-05:00,long,pm,fvg,21768.9,21753.33357142857,21800.03285714286,21753.33357142857,loss,-1.1284816225393344,2025-02-06 14:30:00-05:00,2025-02-06 15:45:00-05:00
2025-02-07 09:34:00-05:00,2025-02-07 09:35:00-05:00,long,am,fvg,21851.7,21840.078571428574,21874.942857142854,21840.078571428574,loss,-1.1720958819914213,2025-02-07 08:30:00-05:00,2025-02-07 09:30:00-05:00
2025-02-07 10:20:00-05:00,2025-02-07 10:37:00-05:00,long,am,fvg,21635.6,21607.092857142856,21692.614285714284,21692.614285714284,win,1.9298421448258578,2025-02-07 08:30:00-05:00,2025-02-07 09:30:00-05:00
2025-02-07 10:39:00-05:00,2025-02-07 10:44:00-05:00,long,am,fvg,21670.1,21651.52857142857,21707.242857142854,21651.52857142857,loss,-1.1076923076923137,2025-02-07 08:30:00-05:00,2025-02-07 09:30:00-05:00
2025-02-07 10:57:00-05:00,2025-02-07 11:05:00-05:00,long,am,fvg,21588.9,21551.557142857142,21663.58571428572,21551.557142857142,loss,-1.0535577658760487,2025-02-07 08:30:00-05:00,2025-02-07 09:30:00-05:00
2025-02-11 10:03:00-05:00,2025-02-11 10:08:00-05:00,long,am,fvg,21702.1,21686.264285714286,21733.771428571425,21686.264285714286,loss,-1.126296797474074,2025-02-11 09:00:00-05:00,2025-02-11 10:00:00-05:00
2025-02-11 10:25:00-05:00,2025-02-11 10:28:00-05:00,long,am,fvg,21722.5,21711.8,21743.9,21743.9,win,1.8130841121495453,2025-02-11 09:00:00-05:00,2025-02-11 10:00:00-05:00
2025-02-11 10:30:00-05:00,2025-02-11 10:45:00-05:00,long,am,fvg,21750.9,21739.107142857145,21774.485714285714,21774.485714285714,win,1.8304058146577742,2025-02-11 09:00:00-05:00,2025-02-11 10:00:00-05:00
2025-02-11 10:57:00-05:00,2025-02-11 10:59:00-05:00,long,am,fvg,21766.3,21756.621428571427,21785.657142857144,21756.621428571427,loss,-1.206642066420642,2025-02-11 09:00:00-05:00,2025-02-11 10:00:00-05:00
2025-02-11 11:08:00-05:00,2025-02-11 11:16:00-05:00,long,am,fvg,21755.9,21745.428571428572,21776.84285714286,21745.428571428572,loss,-1.1909959072305518,2025-02-11 09:00:00-05:00,2025-02-11 10:00:00-05:00
2025-02-12 09:30:00-05:00,2025-02-12 09:31:00-05:00,long,am,fvg,21466.5,21456.335714285713,21486.828571428574,21456.335714285713,loss,-1.1967673928320208,2025-02-12 04:15:00-05:00,2025-02-12 07:45:00-05:00
2025-02-25 09:49:00-05:00,2025-02-25 09:52:00-05:00,short,am,fvg,21253.1,21283.221428571425,21192.857142857145,21192.857142857145,win,1.933602086791554,2025-02-25 08:30:00-05:00,2025-02-25 09:45:00-05:00
2025-02-25 09:54:00-05:00,2025-02-25 09:55:00-05:00,short,am,fvg,21187.2,21214.457142857143,21132.685714285715,21214.457142857143,loss,-1.0733752620545076,2025-02-25 08:30:00-05:00,2025-02-25 09:45:00-05:00
2025-02-25 10:02:00-05:00,2025-02-25 10:14:00-05:00,short,am,fvg,21167.9,21198.22857142857,21107.24285714286,21107.24285714286,win,1.934055581723973,2025-02-25 08:30:00-05:00,2025-02-25 09:45:00-05:00
2025-02-25 10:16:00-05:00,2025-02-25 10:18:00-05:00,short,am,fvg,21115.0,21143.992857142857,21057.014285714286,21057.014285714286,win,1.931017491993102,2025-02-25 08:30:00-05:00,2025-02-25 09:45:00-05:00
2025-02-25 10:22:00-05:00,2025-02-25 10:38:00-05:00,short,am,fvg,21042.0,21072.392857142855,20981.21428571429,21072.392857142855,loss,-1.0658049353701573,2025-02-25 08:30:00-05:00,2025-02-25 09:45:00-05:00
2025-02-25 11:24:00-05:00,2025-02-25 11:27:00-05:00,short,am,fvg,21025.9,21044.34285714286,20989.014285714286,20989.014285714286,win,1.8915569326103845,2025-02-25 08:30:00-05:00,2025-02-25 09:45:00-05:00
2025-02-25 11:30:00-05:00,2025-02-25 11:31:00-05:00,short,am,fvg,21000.0,21017.135714285716,20965.728571428568,20965.728571428568,win,1.883284701959161,2025-02-25 08:30:00-05:00,2025-02-25 09:45:00-05:00
2025-02-26 13:28:00-05:00,2025-02-26 13:29:00-05:00,short,pm,fvg,21176.1,21191.75,21144.799999999996,21144.799999999996,win,1.8722044728434624,2025-02-26 11:45:00-05:00,2025-02-26 13:15:00-05:00
2025-02-26 13:44:00-05:00,2025-02-26 13:55:00-05:00,short,pm,fvg,21103.7,21121.62142857143,21067.85714285714,21067.85714285714,win,1.8884017536867348,2025-02-26 11:45:00-05:00,2025-02-26 13:15:00-05:00
2025-02-26 13:58:00-05:00,2025-02-26 14:02:00-05:00,short,pm,fvg,21056.0,21075.292857142857,21017.414285714287,21075.292857142857,loss,-1.1036653091447646,2025-02-26 11:45:00-05:00,2025-02-26 13:15:00-05:00
2025-02-26 14:17:00-05:00,2025-02-26 14:20:00-05:00,short,pm,fvg,21059.2,21077.47857142857,21022.64285714286,21077.47857142857,loss,-1.1094177413051998,2025-02-26 11:45:00-05:00,2025-02-26 13:15:00-05:00
2025-02-26 15:01:00-05:00,2025-02-26 15:02:00-05:00,short,pm,fvg,21053.6,21067.20642857143,21026.387142857136,21067.20642857143,loss,-1.1469893432725862,2025-02-26 11:45:00-05:00,2025-02-26 13:15:00-05:00
2025-02-26 15:05:00-05:00,2025-02-26 15:06:00-05:00,short,pm,fvg,21061.6,21076.371428571427,21032.057142857142,21076.371428571427,loss,-1.1353965183752446,2025-02-26 11:45:00-05:00,2025-02-26 13:15:00-05:00
2025-02-27 09:45:00-05:00,2025-02-27 09:48:00-05:00,short,am,fvg,21185.0,21216.157142857144,21122.68571428571,21122.68571428571,win,1.9358092618065135,2025-02-27 07:15:00-05:00,2025-02-27 09:30:00-05:00
2025-02-27 09:50:00-05:00,2025-02-27 09:53:00-05:00,short,am,fvg,21141.7,21173.89285714286,21077.314285714285,21077.314285714285,win,1.9378744175726663,2025-02-27 07:15:00-05:00,2025-02-27 09:30:00-05:00
2025-02-27 10:02:00-05:00,2025-02-27 10:06:00-05:00,short,am,fvg,20916.9,20966.742857142857,20817.21428571429,20966.742857142857,loss,-1.0401261106334203,2025-02-27 07:15:00-05:00,2025-02-27 09:30:00-05:00
2025-02-27 10:27:00-05:00,2025-02-27 10:33:00-05:00,short,am,fvg,21087.7,21120.52857142857,21022.04285714286,21022.04285714286,win,1.939077458659702,2025-02-27 07:15:00-05:00,2025-02-27 09:30:00-05:00
2025-02-27 10:38:00-05:00,2025-02-27 10:53:00-05:00,short,am,fvg,21065.4,21096.164285714287,21003.87142857143,21003.87142857143,win,1.934989551892268,2025-02-27 07:15:00-05:00,2025-02-27 09:30:00-05:00
2025-03-03 09:51:00-05:00,2025-03-03 09:55:00-05:00,short,am,fvg,20922.8,20958.27857142857,20851.842857142856,20851.842857142856,win,1.94362794443326,2025-03-03 09:30:00-05:00,2025-03-03 09:45:00-05:00
2025-03-03 09:58:00-05:00,2025-03-03 10:00:00-05:00,short,am,fvg,20819.6,20854.507142857143,20749.78571428571,20749.78571428571,win,1.942705136075304,2025-03-03 09:30:00-05:00,2025-03-03 09:45:00-05:00
2025-03-03 10:39:00-05:00,2025-03-03 10:43:00-05:00,short,am,fvg,20895.9,20925.628571428573,20836.442857142858,20925.628571428573,loss,-1.0672753483901962,2025-03-03 09:30:00-05:00,2025-03-03 09:45:00-05:00
2025-03-03 10:53:00-05:00,2025-03-03 10:57:00-05:00,short,am,fvg,20902.9,20930.085714285717,20848.52857142857,20848.52857142857,win,1.9264319495533393,2025-03-03 09:30:00-05:00,2025-03-03 09:45:00-05:00
2025-03-03 11:00:00-05:00,2025-03-03 11:06:00-05:00,short,am,fvg,20853.0,20882.55,20793.9,20882.55,loss,-1.0676818950930642,2025-03-03 09:30:00-05:00,2025-03-03 09:45:00-05:00
2025-03-03 11:27:00-05:00,2025-03-03 11:36:00-05:00,short,am,fvg,20902.9,20939.79142857143,20829.117142857147,20829.117142857147,win,1.9457868649318444,2025-03-03 09:30:00-05:00,2025-03-03 09:45:00-05:00
2025-03-06 03:03:00-05:00,2025-03-06 03:05:00-05:00,short,london,fvg,20504.9,20516.257142857146,20482.18571428571,20516.257142857146,loss,-1.1761006289307854,2025-03-06 00:15:00-05:00,2025-03-06 02:30:00-05:00
2025-03-06 03:14:00-05:00,2025-03-06 03:16:00-05:00,short,london,fvg,20470.5,20486.914285714287,20437.671428571426,20486.914285714287,loss,-1.1218450826805826,2025-03-06 00:15:00-05:00,2025-03-06 02:30:00-05:00
2025-03-06 03:51:00-05:00,2025-03-06 03:58:00-05:00,short,london,fvg,20446.3,20458.757142857143,20421.385714285712,20421.385714285712,win,1.8394495412844116,2025-03-06 00:15:00-05:00,2025-03-06 02:30:00-05:00
2025-03-06 04:01:00-05:00,2025-03-06 04:02:00-05:00,short,london,fvg,20418.6,20433.23571428571,20389.328571428574,20433.23571428571,loss,-1.1366520253782517,2025-03-06 00:15:00-05:00,2025-03-06 02:30:00-05:00
2025-03-06 04:21:00-05:00,2025-03-06 04:22:00-05:00,short,london,fvg,20404.9,20418.521428571432,20377.65714285714,20418.521428571432,loss,-1.1468274777136662,2025-03-06 00:15:00-05:00,2025-03-06 02:30:00-05:00
2025-03-07 09:30:00-05:00,2025-03-07 09:31:00-05:00,short,am,fvg,20035.4,20050.185714285715,20005.828571428574,20050.185714285715,loss,-1.1352657004830966,2025-03-07 08:30:00-05:00,2025-03-07 08:45:00-05:00
2025-03-07 09:38:00-05:00,2025-03-07 09:40:00-05:00,short,am,fvg,20068.3,20095.792857142857,20013.314285714285,20095.792857142857,loss,-1.0727461678358012,2025-03-07 08:30:00-05:00,2025-03-07 08:45:00-05:00
2025-03-07 09:58:00-05:00,2025-03-07 10:00:00-05:00,short,am,fvg,20152.0,20184.47857142857,20087.042857142857,20087.042857142857,win,1.9384209368814609,2025-03-07 08:30:00-05:00,2025-03-07 08:45:00-05:00
2025-03-07 10:24:00-05:00,2025-03-07 10:28:00-05:00,short,am,fvg,20094.9,20125.64285714286,20033.414285714287,20033.414285714287,win,1.9349442379182158,2025-03-07 08:30:00-05:00,2025-03-07 08:45:00-05:00
2025-03-07 10:42:00-05:00,2025-03-07 10:45:00-05:00,short,am,fvg,19896.2,19928.45,19831.7,19928.45,loss,-1.062015503875969,2025-03-07 08:30:00-05:00,2025-03-07 08:45:00-05:00
2025-03-11 10:29:00-04:00,2025-03-11 10:30:00-04:00,short,am,fvg,19317.8,19354.392857142855,19244.614285714288,19354.392857142855,loss,-1.054655475307439,2025-03-11 10:00:00-04:00,2025-03-11 10:15:00-04:00
2025-03-11 10:40:00-04:00,2025-03-11 10:44:00-04:00,short,am,fvg,19285.4,19318.92142857143,19218.357142857145,19318.92142857143,loss,-1.0596633283613899,2025-03-11 10:00:00-04:00,2025-03-11 10:15:00-04:00
2025-03-11 11:01:00-04:00,2025-03-11 11:06:00-04:00,short,am,fvg,19332.4,19365.328571428574,19266.542857142857,19365.328571428574,loss,-1.0607375271149655,2025-03-11 10:00:00-04:00,2025-03-11 10:15:00-04:00
2025-03-11 11:48:00-04:00,2025-03-11 11:58:00-04:00,short,am,fvg,19479.3,19506.757142857143,19424.385714285712,19424.385714285712,win,1.9271592091571297,2025-03-11 10:00:00-04:00,2025-03-11 10:15:00-04:00
2025-03-13 09:58:00-04:00,2025-03-13 10:03:00-04:00,short,am,fvg,19359.3,19391.085714285713,19295.72857142857,19391.085714285713,loss,-1.0629213483146078,2025-03-13 06:15:00-04:00,2025-03-13 09:45:00-04:00
2025-03-13 10:30:00-04:00,2025-03-13 10:36:00-04:00,short,am,fvg,19498.7,19525.007142857143,19446.085714285717,19446.085714285717,win,1.9239750203638315,2025-03-13 06:15:00-04:00,2025-03-13 09:45:00-04:00
2025-04-03 09:37:00-04:00,2025-04-03 09:39:00-04:00,short,am,fvg,18859.1,18892.43571428571,18792.428571428572,18892.43571428571,loss,-1.059995714591817,2025-04-03 05:00:00-04:00,2025-04-03 08:30:00-04:00
2025-04-08 13:05:00-04:00,2025-04-08 13:07:00-04:00,short,pm,fvg,17590.0,17636.657142857144,17496.68571428571,17496.68571428571,win,1.9571341090018384,2025-04-08 10:15:00-04:00,2025-04-08 12:45:00-04:00
2025-04-08 13:15:00-04:00,2025-04-08 13:19:00-04:00,short,pm,fvg,17490.1,17531.8,17406.699999999997,17531.8,loss,-1.047961630695443,2025-04-08 10:15:00-04:00,2025-04-08 12:45:00-04:00
2025-04-08 13:29:00-04:00,2025-04-08 13:35:00-04:00,short,pm,fvg,17402.8,17446.121428571427,17316.157142857144,17446.121428571427,loss,-1.046166529266283,2025-04-08 10:15:00-04:00,2025-04-08 12:45:00-04:00
2025-04-08 13:48:00-04:00,2025-04-08 14:13:00-04:00,short,pm,fvg,17506.5,17561.992857142857,17395.514285714286,17395.514285714286,win,1.9639593255245207,2025-04-08 10:15:00-04:00,2025-04-08 12:45:00-04:00
2025-04-08 14:17:00-04:00,2025-04-08 14:19:00-04:00,short,pm,fvg,17473.8,17507.385714285712,17406.628571428573,17507.385714285712,loss,-1.0595491280306275,2025-04-08 10:15:00-04:00,2025-04-08 12:45:00-04:00
2025-04-16 04:43:00-04:00,2025-04-16 04:46:00-04:00,long,london,fvg,18688.4,18632.96214285714,18799.275714285723,18632.96214285714,loss,-1.036076430494889,2025-04-16 01:30:00-04:00,2025-04-16 04:30:00-04:00
2025-04-24 09:30:00-04:00,2025-04-24 09:31:00-04:00,long,am,fvg,18749.5,18738.714285714286,18771.071428571428,18771.071428571428,win,1.8145695364238321,2025-04-24 04:45:00-04:00,2025-04-24 08:30:00-04:00
2025-04-25 13:03:00-04:00,2025-04-25 13:04:00-04:00,long,pm,fvg,19355.0,19345.614285714288,19373.771428571425,19373.771428571425,win,1.7869101978690571,2025-04-25 09:00:00-04:00,2025-04-25 12:15:00-04:00
2025-05-01 04:49:00-04:00,2025-05-01 04:51:00-04:00,long,london,fvg,19885.7,19878.707142857143,19899.685714285715,19878.707142857143,loss,-1.2860061287027538,2025-05-01 03:00:00-04:00,2025-05-01 04:45:00-04:00
2025-05-01 11:01:00-04:00,2025-05-01 11:05:00-04:00,long,am,fvg,19961.8,19950.85714285714,19983.685714285715,19983.685714285715,win,1.8172323759791262,2025-05-01 10:00:00-04:00,2025-05-01 10:45:00-04:00
2025-05-01 11:07:00-04:00,2025-05-01 11:15:00-04:00,long,am,fvg,19979.7,19968.264285714286,20002.57142857143,20002.57142857143,win,1.8251093066833373,2025-05-01 10:00:00-04:00,2025-05-01 10:45:00-04:00
2025-05-02 09:32:00-04:00,2025-05-02 09:34:00-04:00,long,am,fvg,20012.1,19998.68571428571,20038.928571428572,19998.68571428571,loss,-1.1490947816826274,2025-05-02 05:00:00-04:00,2025-05-02 08:30:00-04:00
2025-05-05 11:00:00-04:00,2025-05-05 11:13:00-04:00,long,am,fvg,20009.6,19997.592857142856,20033.614285714284,19997.592857142856,loss,-1.1665675193337313,2025-05-05 07:45:00-04:00,2025-05-05 10:45:00-04:00
2025-05-05 11:23:00-04:00,2025-05-05 11:25:00-04:00,long,am,fvg,20024.5,20011.692857142858,20050.114285714284,20011.692857142858,loss,-1.1561628555493688,2025-05-05 07:45:00-04:00,2025-05-05 10:45:00-04:00
2025-05-05 11:42:00-04:00,2025-05-05 11:53:00-04:00,long,am,fvg,19992.0,19980.22857142857,20015.542857142857,20015.542857142857,win,1.8300970873786362,2025-05-05 07:45:00-04:00,2025-05-05 10:45:00-04:00
2025-05-05 11:54:00-04:00,2025-05-05 12:06:00-04:00,long,am,fvg,20013.1,20001.371428571427,20036.557142857142,20036.557142857142,win,1.8294762484774711,2025-05-05 07:45:00-04:00,2025-05-05 10:45:00-04:00
2025-05-06 13:04:00-04:00,2025-05-06 13:06:00-04:00,long,pm,fvg,19798.6,19784.257142857143,19827.28571428571,19827.28571428571,win,1.8605577689242896,2025-05-06 10:00:00-04:00,2025-05-06 12:00:00-04:00
2025-05-06 13:10:00-04:00,2025-05-06 13:11:00-04:00,long,pm,fvg,19820.4,19803.350000000002,19854.5,19803.350000000002,loss,-1.1173020527859288,2025-05-06 10:00:00-04:00,2025-05-06 12:00:00-04:00
2025-05-08 11:52:00-04:00,2025-05-08 12:16:00-04:00,long,am,fvg,20189.7,20163.102142857144,20242.895714285714,20242.895714285714,win,1.924805972554179,2025-05-08 08:30:00-04:00,2025-05-08 11:30:00-04:00
2025-05-08 13:00:00-04:00,2025-05-08 13:02:00-04:00,long,pm,fvg,20242.2,20234.907142857144,20256.785714285714,20234.907142857144,loss,-1.2742409402546757,2025-05-08 08:30:00-04:00,2025-05-08 11:30:00-04:00
2025-05-21 10:22:00-04:00,2025-05-21 10:25:00-04:00,long,am,fvg,21336.3,21322.192857142854,21364.51428571429,21322.192857142854,loss,-1.1417721518987132,2025-05-21 06:15:00-04:00,2025-05-21 10:00:00-04:00
2025-05-22 09:54:00-04:00,2025-05-22 10:00:00-04:00,long,am,fvg,21173.4,21144.164285714287,21231.87142857143,21231.87142857143,win,1.9315905204006847,2025-05-22 07:30:00-04:00,2025-05-22 09:45:00-04:00
2025-05-22 10:08:00-04:00,2025-05-22 10:12:00-04:00,long,am,fvg,21240.6,21219.542857142857,21282.714285714283,21219.542857142857,loss,-1.094979647218457,2025-05-22 07:30:00-04:00,2025-05-22 09:45:00-04:00
2025-05-22 10:29:00-04:00,2025-05-22 10:38:00-04:00,long,am,fvg,21170.9,21150.757142857146,21211.18571428571,21150.757142857146,loss,-1.099290780141854,2025-05-22 07:30:00-04:00,2025-05-22 09:45:00-04:00
2025-05-22 10:43:00-04:00,2025-05-22 10:54:00-04:00,long,am,fvg,21156.3,21134.121428571427,21200.657142857144,21134.121428571427,loss,-1.0901771336553903,2025-05-22 07:30:00-04:00,2025-05-22 09:45:00-04:00
2025-05-22 10:59:00-04:00,2025-05-22 11:15:00-04:00,long,am,fvg,21169.4,21149.22857142857,21209.74285714286,21149.22857142857,loss,-1.0991501416430538,2025-05-22 07:30:00-04:00,2025-05-22 09:45:00-04:00
2025-05-22 11:26:00-04:00,2025-05-22 11:27:00-04:00,long,am,fvg,21185.2,21170.507142857143,21214.585714285717,21170.507142857143,loss,-1.136120563928043,2025-05-22 07:30:00-04:00,2025-05-22 09:45:00-04:00
2025-05-23 03:22:00-04:00,2025-05-23 03:28:00-04:00,long,london,fvg,21130.1,21121.85,21146.6,21146.6,win,1.7575757575757576,2025-05-23 02:15:00-04:00,2025-05-23 03:15:00-04:00
2025-05-23 03:30:00-04:00,2025-05-23 03:40:00-04:00,long,london,fvg,21148.9,21142.607142857145,21161.485714285714,21142.607142857145,loss,-1.3178206583428238,2025-05-23 02:15:00-04:00,2025-05-23 03:15:00-04:00
2025-05-23 03:46:00-04:00,2025-05-23 04:01:00-04:00,long,london,fvg,21145.4,21138.4,21159.4,21159.4,win,1.7142857142857144,2025-05-23 02:15:00-04:00,2025-05-23 03:15:00-04:00
2025-05-23 04:02:00-04:00,2025-05-23 04:03:00-04:00,long,london,fvg,21151.0,21145.87857142857,21161.24285714286,21145.87857142857,loss,-1.3905160390514613,2025-05-23 02:15:00-04:00,2025-05-23 03:15:00-04:00
2025-05-23 04:08:00-04:00,2025-05-23 04:13:00-04:00,long,london,fvg,21157.7,21151.464285714286,21170.17142857143,21151.464285714286,loss,-1.3207331042382482,2025-05-23 02:15:00-04:00,2025-05-23 03:15:00-04:00
2025-05-23 04:24:00-04:00,2025-05-23 04:27:00-04:00,long,london,fvg,21142.6,21134.899999999998,21158.0,21158.0,win,1.7402597402597648,2025-05-23 02:15:00-04:00,2025-05-23 03:15:00-04:00
2025-05-23 04:33:00-04:00,2025-05-23 04:43:00-04:00,long,london,fvg,21142.2,21136.185714285715,21154.22857142857,21136.185714285715,loss,-1.3325415676959735,2025-05-23 02:15:00-04:00,2025-05-23 03:15:00-04:00
2025-05-23 04:56:00-04:00,2025-05-23 05:00:00-04:00,long,london,fvg,21130.6,21123.622142857144,21144.555714285707,21123.622142857144,loss,-1.2866209438019434,2025-05-23 02:15:00-04:00,2025-05-23 03:15:00-04:00
2025-05-27 10:20:00-04:00,2025-05-27 10:58:00-04:00,long,am,fvg,21317.8,21305.22357142857,21342.952857142856,21305.22357142857,loss,-1.1590276594536266,2025-05-27 08:45:00-04:00,2025-05-27 10:15:00-04:00
2025-05-27 11:20:00-04:00,2025-05-27 11:22:00-04:00,long,am,fvg,21329.9,21322.635714285716,21344.428571428572,21322.635714285716,loss,-1.2753195673549735,2025-05-27 08:45:00-04:00,2025-05-27 10:15:00-04:00
2025-05-27 11:30:00-04:00,2025-05-27 11:40:00-04:00,long,am,fvg,21334.9,21325.005,21354.690000000002,21325.005,loss,-1.2021222839818,2025-05-27 08:45:00-04:00,2025-05-27 10:15:00-04:00
2025-05-29 04:02:00-04:00,2025-05-29 04:03:00-04:00,long,london,fvg,21793.9,21784.222857142857,21813.25428571429,21784.222857142857,loss,-1.2066725715972455,2025-05-29 03:00:00-04:00,2025-05-29 03:45:00-04:00
2025-05-29 04:07:00-04:00,2025-05-29 04:12:00-04:00,long,london,fvg,21787.7,21777.335714285717,21808.42857142857,21777.335714285717,loss,-1.1929703652653652,2025-05-29 03:00:00-04:00,2025-05-29 03:45:00-04:00
2025-05-29 04:38:00-04:00,2025-05-29 04:46:00-04:00,long,london,fvg,21739.8,21732.72857142857,21753.942857142854,21732.72857142857,loss,-1.2828282828283244,2025-05-29 03:00:00-04:00,2025-05-29 03:45:00-04:00
2025-05-29 04:55:00-04:00,2025-05-29 05:00:00-04:00,long,london,fvg,21739.4,21733.714285714286,21750.771428571432,21733.714285714286,loss,-1.3517587939697915,2025-05-29 03:00:00-04:00,2025-05-29 03:45:00-04:00
2025-06-05 03:31:00-04:00,2025-06-05 03:40:00-04:00,long,london,fvg,21773.3,21763.117857142857,21793.664285714283,21793.664285714283,win,1.8035776920378654,2025-06-05 02:15:00-04:00,2025-06-05 03:15:00-04:00
2025-06-05 03:45:00-04:00,2025-06-05 03:46:00-04:00,long,london,fvg,21788.0,21780.65,21802.699999999997,21780.65,loss,-1.2721088435374688,2025-06-05 02:15:00-04:00,2025-06-05 03:15:00-04:00
2025-06-05 04:29:00-04:00,2025-06-05 04:37:00-04:00,long,london,fvg,21802.0,21796.314285714285,21813.37142857143,21796.314285714285,loss,-1.3517587939697915,2025-06-05 02:15:00-04:00,2025-06-05 03:15:00-04:00
2025-06-05 11:25:00-04:00,2025-06-05 11:44:00-04:00,long,am,fvg,21872.3,21862.142857142855,21892.614285714288,21892.614285714288,win,1.8030942334740065,2025-06-05 09:45:00-04:00,2025-06-05 11:15:00-04:00
2025-06-05 11:44:00-04:00,2025-06-05 11:45:00-04:00,long,am,fvg,21885.6,21878.471428571425,21899.857142857145,21878.471428571425,loss,-1.2805611222444195,2025-06-05 09:45:00-04:00,2025-06-05 11:15:00-04:00
2025-06-05 11:52:00-04:00,2025-06-05 11:56:00-04:00,long,am,fvg,21876.0,21867.32857142857,21893.34285714286,21893.34285714286,win,1.7693574958814142,2025-06-05 09:45:00-04:00,2025-06-05 11:15:00-04:00
2025-06-05 11:58:00-04:00,2025-06-05 12:02:00-04:00,long,am,fvg,21886.7,21876.635714285716,21906.82857142857,21876.635714285716,loss,-1.1987224982257105,2025-06-05 09:45:00-04:00,2025-06-05 11:15:00-04:00
2025-06-05 13:13:00-04:00,2025-06-05 13:21:00-04:00,long,pm,fvg,21712.3,21696.457142857143,21743.98571428571,21743.98571428571,win,1.87376014427411,2025-06-05 09:45:00-04:00,2025-06-05 11:15:00-04:00
2025-06-09 10:15:00-04:00,2025-06-09 10:21:00-04:00,long,am,fvg,21818.5,21807.735714285714,21840.02857142857,21840.02857142857,win,1.8142003981420003,2025-06-09 09:30:00-04:00,2025-06-09 10:00:00-04:00
2025-06-09 10:29:00-04:00,2025-06-09 10:31:00-04:00,long,am,fvg,21826.2,21817.15,21844.3,21844.3,win,1.7790055248618608,2025-06-09 09:30:00-04:00,2025-06-09 10:00:00-04:00
2025-06-09 10:44:00-04:00,2025-06-09 10:45:00-04:00,long,am,fvg,21834.4,21823.007142857143,21857.18571428572,21823.007142857143,loss,-1.1755485893416688,2025-06-09 09:30:00-04:00,2025-06-09 10:00:00-04:00
2025-06-09 11:32:00-04:00,2025-06-09 11:48:00-04:00,long,am,fvg,21808.3,21797.985714285714,21828.92857142857,21797.985714285714,loss,-1.193905817174533,2025-06-09 09:30:00-04:00,2025-06-09 10:00:00-04:00
2025-06-09 11:57:00-04:00,2025-06-09 12:08:00-04:00,long,am,fvg,21813.3,21805.59,21828.719999999998,21805.59,loss,-1.2594033722438684,2025-06-09 09:30:00-04:00,2025-06-09 10:00:00-04:00
2025-06-10 14:58:00-04:00,2025-06-10 15:05:00-04:00,long,pm,fvg,21924.7,21906.290714285715,21961.518571428573,21961.518571428573,win,1.8913591743297262,2025-06-10 11:30:00-04:00,2025-06-10 14:45:00-04:00
2025-06-10 15:15:00-04:00,2025-06-10 15:16:00-04:00,long,pm,fvg,21948.7,21939.42142857143,21967.257142857143,21939.42142857143,loss,-1.215550423402627,2025-06-10 11:30:00-04:00,2025-06-10 14:45:00-04:00
2025-06-10 15:52:00-04:00,2025-06-10 15:53:00-04:00,long,pm,fvg,21917.6,21907.985714285714,21936.828571428567,21907.985714285714,loss,-1.2080237741456525,2025-06-10 11:30:00-04:00,2025-06-10 14:45:00-04:00
2025-06-18 10:44:00-04:00,2025-06-18 10:48:00-04:00,long,am,fvg,21874.6,21863.292857142857,21897.214285714283,21863.292857142857,loss,-1.176879343019596,2025-06-18 09:30:00-04:00,2025-06-18 10:15:00-04:00
2025-06-18 11:01:00-04:00,2025-06-18 11:06:00-04:00,long,am,fvg,21867.1,21859.085714285713,21883.12857142857,21859.085714285713,loss,-1.2495543672014324,2025-06-18 09:30:00-04:00,2025-06-18 10:15:00-04:00
2025-06-18 11:56:00-04:00,2025-06-18 11:57:00-04:00,long,am,fvg,21855.1,21846.52142857143,21872.25714285714,21846.52142857143,loss,-1.2331390507910385,2025-06-18 09:30:00-04:00,2025-06-18 10:15:00-04:00
2025-06-20 10:52:00-04:00,2025-06-20 11:01:00-04:00,short,am,fvg,21619.0,21644.315714285716,21568.368571428568,21568.368571428568,win,1.920997686360821,2025-06-20 09:00:00-04:00,2025-06-20 10:45:00-04:00
2025-06-20 11:02:00-04:00,2025-06-20 11:06:00-04:00,short,am,fvg,21585.6,21610.13714285714,21536.525714285715,21610.13714285714,loss,-1.081509082440619,2025-06-20 09:00:00-04:00,2025-06-20 10:45:00-04:00
2025-06-20 11:22:00-04:00,2025-06-20 11:31:00-04:00,short,am,fvg,21653.3,21665.821428571428,21628.257142857143,21665.821428571428,loss,-1.1597261836851152,2025-06-20 09:00:00-04:00,2025-06-20 10:45:00-04:00
2025-06-26 11:48:00-04:00,2025-06-26 11:49:00-04:00,long,am,fvg,22409.7,22402.63142857143,22423.837142857144,22402.63142857143,loss,-1.28294260307193,2025-06-26 09:45:00-04:00,2025-06-26 11:45:00-04:00
2025-06-26 11:56:00-04:00,2025-06-26 12:01:00-04:00,long,am,fvg,22410.9,22404.06428571429,22424.571428571428,22424.571428571428,win,1.707419017763792,2025-06-26 09:45:00-04:00,2025-06-26 11:45:00-04:00
2025-06-26 13:12:00-04:00,2025-06-26 13:21:00-04:00,long,pm,fvg,22428.9,22423.235714285714,22440.228571428575,22440.228571428575,win,1.6469104665826755,2025-06-26 09:45:00-04:00,2025-06-26 11:45:00-04:00
2025-06-26 13:23:00-04:00,2025-06-26 13:31:00-04:00,long,pm,fvg,22435.9,22430.9,22445.9,22445.9,win,1.6,2025-06-26 09:45:00-04:00,2025-06-26 11:45:00-04:00
2025-06-26 13:33:00-04:00,2025-06-26 13:41:00-04:00,long,pm,fvg,22444.6,22439.6,22454.6,22454.6,win,1.6,2025-06-26 09:45:00-04:00,2025-06-26 11:45:00-04:00
2025-06-27 10:02:00-04:00,2025-06-27 10:12:00-04:00,long,am,fvg,22590.6,22574.841428571428,22622.11714285714,22622.11714285714,win,1.8730849424349492,2025-06-27 09:30:00-04:00,2025-06-27 10:00:00-04:00
2025-06-27 10:22:00-04:00,2025-06-27 10:24:00-04:00,long,am,fvg,22609.8,22598.464285714286,22632.471428571425,22598.464285714286,loss,-1.1764335223692695,2025-06-27 09:30:00-04:00,2025-06-27 10:00:00-04:00
2025-06-27 10:46:00-04:00,2025-06-27 10:51:00-04:00,long,am,fvg,22595.0,22584.164285714283,22616.671428571433,22584.164285714283,loss,-1.1845748187211194,2025-06-27 09:30:00-04:00,2025-06-27 10:00:00-04:00
2025-06-27 11:05:00-04:00,2025-06-27 11:22:00-04:00,long,am,fvg,22569.8,22558.37857142857,22592.64285714286,22592.64285714286,win,1.8248905565978912,2025-06-27 09:30:00-04:00,2025-06-27 10:00:00-04:00
2025-06-27 11:24:00-04:00,2025-06-27 11:31:00-04:00,long,am,fvg,22587.9,22580.035714285717,22603.62857142857,22603.62857142857,win,1.7456857402360952,2025-06-27 09:30:00-04:00,2025-06-27 10:00:00-04:00
2025-07-02 10:44:00-04:00,2025-07-02 10:46:00-04:00,long,am,fvg,22580.4,22572.678571428572,22595.84285714286,22595.84285714286,win,1.7409805735430297,2025-07-02 08:15:00-04:00,2025-07-02 10:15:00-04:00
2025-07-02 10:50:00-04:00,2025-07-02 11:05:00-04:00,long,am,fvg,22619.8,22606.85,22645.7,22645.7,win,1.8455598455598543,2025-07-02 08:15:00-04:00,2025-07-02 10:15:00-04:00
2025-07-02 11:07:00-04:00,2025-07-02 11:10:00-04:00,long,am,fvg,22647.6,22637.174285714285,22668.451428571425,22637.174285714285,loss,-1.1918333790079676,2025-07-02 08:15:00-04:00,2025-07-02 10:15:00-04:00
2025-07-02 11:39:00-04:00,2025-07-02 11:47:00-04:00,long,am,fvg,22616.3,22607.40714285714,22634.085714285717,22634.085714285717,win,1.775100401606465,2025-07-02 08:15:00-04:00,2025-07-02 10:15:00-04:00
2025-07-02 11:48:00-04:00,2025-07-02 11:53:00-04:00,long,am,fvg,22629.8,22622.035714285714,22645.32857142857,22622.035714285714,loss,-1.2575896964121505,2025-07-02 08:15:00-04:00,2025-07-02 10:15:00-04:00
2025-07-03 09:32:00-04:00,2025-07-03 09:40:00-04:00,long,am,fvg,22776.9,22744.612857142856,22841.474285714292,22744.612857142856,loss,-1.0619441617627494,2025-07-03 06:15:00-04:00,2025-07-03 08:30:00-04:00
2025-07-03 09:46:00-04:00,2025-07-03 09:51:00-04:00,long,am,fvg,22762.0,22748.342857142856,22789.31428571429,22789.31428571429,win,1.853556485355663,2025-07-03 06:15:00-04:00,2025-07-03 08:30:00-04:00
2025-07-03 09:53:00-04:00,2025-07-03 10:00:00-04:00,long,am,fvg,22789.4,22775.157142857144,22817.885714285716,22817.885714285716,win,1.859578736208627,2025-07-03 06:15:00-04:00,2025-07-03 08:30:00-04:00
2025-07-03 10:26:00-04:00,2025-07-03 10:34:00-04:00,long,am,fvg,22857.9,22849.585714285717,22874.52857142857,22849.585714285717,loss,-1.2405498281787213,2025-07-03 06:15:00-04:00,2025-07-03 08:30:00-04:00
2025-07-14 10:47:00-04:00,2025-07-14 10:51:00-04:00,long,am,fvg,22795.3,22785.907142857144,22814.08571428571,22814.08571428571,win,1.7870722433459605,2025-07-14 09:45:00-04:00,2025-07-14 10:45:00-04:00
2025-07-14 11:02:00-04:00,2025-07-14 11:03:00-04:00,long,am,fvg,22833.2,22823.64285714286,22852.314285714285,22852.314285714285,win,1.7907324364723285,2025-07-14 09:45:00-04:00,2025-07-14 10:45:00-04:00
2025-07-15 09:30:00-04:00,2025-07-15 09:31:00-04:00,long,am,fvg,23040.4,23035.085714285717,23051.02857142857,23035.085714285717,loss,-1.3763440860215717,2025-07-15 08:15:00-04:00,2025-07-15 08:45:00-04:00
2025-07-17 03:00:00-04:00,2025-07-17 03:05:00-04:00,long,london,fvg,22970.8,22965.8,22980.8,22965.8,loss,-1.4,2025-07-16 23:00:00-04:00,2025-07-17 02:00:00-04:00
2025-07-17 10:35:00-04:00,2025-07-17 10:49:00-04:00,long,am,fvg,23015.9,23005.600000000002,23036.5,23036.5,win,1.805825242718433,2025-07-17 09:30:00-04:00,2025-07-17 10:30:00-04:00
2025-07-17 10:51:00-04:00,2025-07-17 11:01:00-04:00,long,am,fvg,23034.4,23026.178571428572,23050.84285714286,23050.84285714286,win,1.756733275412697,2025-07-17 09:30:00-04:00,2025-07-17 10:30:00-04:00
2025-07-17 11:07:00-04:00,2025-07-17 11:21:00-04:00,long,am,fvg,23077.3,23062.854285714286,23106.191428571427,23062.854285714286,loss,-1.138449367088614,2025-07-17 09:30:00-04:00,2025-07-17 10:30:00-04:00
2025-07-17 11:40:00-04:00,2025-07-17 11:47:00-04:00,long,am,fvg,23078.7,23072.17142857143,23091.757142857143,23091.757142857143,win,1.693654266958405,2025-07-17 09:30:00-04:00,2025-07-17 10:30:00-04:00
2025-07-25 11:25:00-04:00,2025-07-25 11:26:00-04:00,long,am,fvg,23282.8,23277.8,23292.8,23277.8,loss,-1.4,2025-07-25 09:30:00-04:00,2025-07-25 11:15:00-04:00
2025-07-25 11:30:00-04:00,2025-07-25 11:36:00-04:00,long,am,fvg,23287.8,23282.07857142857,23299.242857142857,23282.07857142857,loss,-1.3495630461922343,2025-07-25 09:30:00-04:00,2025-07-25 11:15:00-04:00
2025-07-25 11:52:00-04:00,2025-07-25 12:08:00-04:00,long,am,fvg,23287.2,23282.2,23297.2,23297.2,win,1.6,2025-07-25 09:30:00-04:00,2025-07-25 11:15:00-04:00
2025-07-25 13:08:00-04:00,2025-07-25 13:16:00-04:00,long,pm,fvg,23312.4,23307.4,23322.4,23307.4,loss,-1.4,2025-07-25 09:30:00-04:00,2025-07-25 11:15:00-04:00
2025-07-29 09:32:00-04:00,2025-07-29 09:36:00-04:00,long,am,fvg,23492.8,23480.242857142857,23517.914285714283,23517.914285714283,win,1.840728100113755,2025-07-29 08:45:00-04:00,2025-07-29 09:30:00-04:00
2025-07-29 09:36:00-04:00,2025-07-29 09:37:00-04:00,long,am,fvg,23506.9,23496.807142857146,23527.085714285713,23527.085714285713,win,1.8018400566171002,2025-07-29 08:45:00-04:00,2025-07-29 09:30:00-04:00
2025-07-29 10:00:00-04:00,2025-07-29 10:03:00-04:00,long,am,fvg,23464.3,23448.928571428572,23495.042857142853,23448.928571428572,loss,-1.1301115241635837,2025-07-29 08:45:00-04:00,2025-07-29 09:30:00-04:00
2025-08-08 09:32:00-04:00,2025-08-08 09:34:00-04:00,long,am,fvg,23455.3,23447.82857142857,23470.242857142857,23447.82857142857,loss,-1.2676864244741726,2025-08-08 08:30:00-04:00,2025-08-08 09:30:00-04:00
2025-08-08 09:38:00-04:00,2025-08-08 09:41:00-04:00,long,am,fvg,23472.2,23459.56428571429,23497.471428571425,23497.471428571425,win,1.8417184850197605,2025-08-08 08:30:00-04:00,2025-08-08 09:30:00-04:00
2025-08-08 09:43:00-04:00,2025-08-08 09:47:00-04:00,long,am,fvg,23505.4,23485.874285714286,23544.451428571432,23544.451428571432,win,1.8975709686859876,2025-08-08 08:30:00-04:00,2025-08-08 09:30:00-04:00
2025-08-08 09:50:00-04:00,2025-08-08 10:06:00-04:00,long,am,fvg,23525.5,23508.354285714286,23559.79142857143,23559.79142857143,win,1.8833527745375775,2025-08-08 08:30:00-04:00,2025-08-08 09:30:00-04:00
2025-08-08 10:08:00-04:00,2025-08-08 10:10:00-04:00,long,am,fvg,23556.6,23543.92857142857,23581.942857142858,23581.942857142858,win,1.842164599774535,2025-08-08 08:30:00-04:00,2025-08-08 09:30:00-04:00
2025-08-08 10:11:00-04:00,2025-08-08 10:14:00-04:00,long,am,fvg,23561.0,23548.32857142857,23586.34285714286,23548.32857142857,loss,-1.157835400225465,2025-08-08 08:30:00-04:00,2025-08-08 09:30:00-04:00
2025-08-08 10:20:00-04:00,2025-08-08 10:27:00-04:00,long,am,fvg,23552.3,23538.485714285714,23579.92857142857,23579.92857142857,win,1.8552223371251195,2025-08-08 08:30:00-04:00,2025-08-08 09:30:00-04:00
2025-08-08 10:29:00-04:00,2025-08-08 10:33:00-04:00,long,am,fvg,23579.3,23567.692857142858,23602.514285714282,23602.514285714282,win,1.8276923076922846,2025-08-08 08:30:00-04:00,2025-08-08 09:30:00-04:00
2025-08-08 10:41:00-04:00,2025-08-08 10:51:00-04:00,long,am,fvg,23583.8,23575.192857142858,23601.014285714282,23575.192857142858,loss,-1.2323651452282578,2025-08-08 08:30:00-04:00,2025-08-08 09:30:00-04:00
2025-08-08 11:07:00-04:00,2025-08-08 11:12:00-04:00,long,am,fvg,23570.1,23561.18571428571,23587.928571428572,23561.18571428571,loss,-1.224358974358943,2025-08-08 08:30:00-04:00,2025-08-08 09:30:00-04:00
2025-08-08 11:14:00-04:00,2025-08-08 11:22:00-04:00,long,am,fvg,23576.8,23567.7,23594.999999999996,23567.7,loss,-1.219780219780255,2025-08-08 08:30:00-04:00,2025-08-08 09:30:00-04:00
2025-08-11 13:02:00-04:00,2025-08-11 13:12:00-04:00,long,pm,fvg,23658.0,23651.464285714286,23671.071428571428,23651.464285714286,loss,-1.306010928961773,2025-08-11 09:30:00-04:00,2025-08-11 12:00:00-04:00
2025-08-11 13:50:00-04:00,2025-08-11 13:58:00-04:00,long,pm,fvg,23613.6,23603.442857142858,23633.91428571428,23603.442857142858,loss,-1.196905766526064,2025-08-11 09:30:00-04:00,2025-08-11 12:00:00-04:00
2025-08-20 09:34:00-04:00,2025-08-20 09:40:00-04:00,short,am,fvg,23334.4,23357.991428571426,23287.217142857153,23287.217142857153,win,1.9152234467724203,2025-08-20 06:15:00-04:00,2025-08-20 09:30:00-04:00
2025-08-20 09:42:00-04:00,2025-08-20 09:45:00-04:00,short,am,fvg,23298.8,23322.42142857143,23251.55714285714,23251.55714285714,win,1.9153311158149446,2025-08-20 06:15:00-04:00,2025-08-20 09:30:00-04:00
2025-08-20 09:55:00-04:00,2025-08-20 10:06:00-04:00,short,am,fvg,23126.9,23153.350000000002,23074.0,23074.0,win,1.9243856332703235,2025-08-20 06:15:00-04:00,2025-08-20 09:30:00-04:00
2025-08-20 10:22:00-04:00,2025-08-20 10:30:00-04:00,short,am,fvg,23080.9,23108.77142857143,23025.157142857148,23025.157142857148,win,1.9282419272168074,2025-08-20 06:15:00-04:00,2025-08-20 09:30:00-04:00
2025-08-27 11:50:00-04:00,2025-08-27 12:12:00-04:00,long,am,fvg,23568.4,23560.028571428575,23585.142857142855,23560.028571428575,loss,-1.238907849829402,2025-08-27 09:45:00-04:00,2025-08-27 11:45:00-04:00
2025-08-27 13:25:00-04:00,2025-08-27 13:31:00-04:00,long,pm,fvg,23545.4,23539.942857142858,23556.31428571429,23556.31428571429,win,1.6335078534031833,2025-08-27 09:45:00-04:00,2025-08-27 11:45:00-04:00
2025-08-28 13:37:00-04:00,2025-08-28 14:27:00-04:00,long,pm,fvg,23713.9,23707.235714285714,23727.228571428575,23727.228571428575,win,1.6998928188639362,2025-08-28 09:45:00-04:00,2025-08-28 12:15:00-04:00
2025-09-02 03:45:00-04:00,2025-09-02 03:47:00-04:00,short,london,fvg,23323.6,23332.942857142854,23304.914285714287,23304.914285714287,win,1.7859327217125074,2025-09-02 03:00:00-04:00,2025-09-02 03:30:00-04:00
2025-09-02 04:02:00-04:00,2025-09-02 04:20:00-04:00,short,london,fvg,23267.3,23283.57857142857,23234.742857142857,23283.57857142857,loss,-1.1228609039052246,2025-09-02 03:00:00-04:00,2025-09-02 03:30:00-04:00
2025-09-02 04:31:00-04:00,2025-09-02 04:35:00-04:00,short,london,fvg,23266.4,23273.81428571429,23251.571428571428,23273.81428571429,loss,-1.269749518304386,2025-09-02 03:00:00-04:00,2025-09-02 03:30:00-04:00
2025-09-02 04:54:00-04:00,2025-09-02 05:00:00-04:00,short,london,fvg,23278.0,23283.464285714286,23267.071428571428,23267.071428571428,win,1.63398692810461,2025-09-02 03:00:00-04:00,2025-09-02 03:30:00-04:00
2025-09-03 13:47:00-04:00,2025-09-03 13:51:00-04:00,short,pm,fvg,23347.8,23359.87857142857,23323.64285714286,23359.87857142857,loss,-1.1655824955647702,2025-09-03 10:45:00-04:00,2025-09-03 13:45:00-04:00
2025-09-03 14:41:00-04:00,2025-09-03 14:43:00-04:00,short,pm,fvg,23297.2,23307.442857142858,23276.714285714286,23307.442857142858,loss,-1.1952580195258,2025-09-03 10:45:00-04:00,2025-09-03 13:45:00-04:00
2025-09-03 15:19:00-04:00,2025-09-03 15:25:00-04:00,short,pm,fvg,23314.4,23321.935714285715,23299.328571428574,23321.935714285715,loss,-1.265402843601914,2025-09-03 10:45:00-04:00,2025-09-03 13:45:00-04:00
2025-09-04 10:19:00-04:00,2025-09-04 10:23:00-04:00,short,am,fvg,23409.9,23426.82142857143,23376.057142857142,23426.82142857143,loss,-1.1181933305191984,2025-09-04 09:30:00-04:00,2025-09-04 10:00:00-04:00
2025-09-04 10:46:00-04:00,2025-09-04 10:49:00-04:00,short,am,fvg,23474.5,23485.6,23452.300000000003,23485.6,loss,-1.1801801801802039,2025-09-04 09:30:00-04:00,2025-09-04 10:00:00-04:00
2025-09-04 10:57:00-04:00,2025-09-04 11:00:00-04:00,short,am,fvg,23478.2,23489.414285714287,23455.77142857143,23489.414285714287,loss,-1.1783439490445777,2025-09-04 09:30:00-04:00,2025-09-04 10:00:00-04:00
2025-09-04 11:15:00-04:00,2025-09-04 11:17:00-04:00,short,am,fvg,23484.4,23494.82142857143,23463.557142857142,23494.82142857143,loss,-1.191912268677155,2025-09-04 09:30:00-04:00,2025-09-04 10:00:00-04:00
2025-09-05 09:30:00-04:00,2025-09-05 09:31:00-04:00,long,am,fvg,23819.5,23809.442857142858,23839.614285714284,23839.614285714284,win,1.801136363636347,2025-09-05 08:30:00-04:00,2025-09-05 08:45:00-04:00
2025-09-10 09:30:00-04:00,2025-09-10 09:31:00-04:00,long,am,fvg,23917.4,23911.442857142858,23929.31428571429,23929.31428571429,win,1.6642685851319297,2025-09-10 05:15:00-04:00,2025-09-10 08:30:00-04:00
2025-09-11 03:50:00-04:00,2025-09-11 04:13:00-04:00,long,london,fvg,23906.9,23901.9,23916.9,23916.9,win,1.6,2025-09-11 01:15:00-04:00,2025-09-11 03:45:00-04:00
2025-09-11 04:15:00-04:00,2025-09-11 04:19:00-04:00,long,london,fvg,23916.6,23911.6,23926.6,23911.6,loss,-1.4,2025-09-11 01:15:00-04:00,2025-09-11 03:45:00-04:00
2025-09-11 04:40:00-04:00,2025-09-11 05:39:00-04:00,long,london,fvg,23898.8,23893.8,23908.8,23893.8,loss,-1.4,2025-09-11 01:15:00-04:00,2025-09-11 03:45:00-04:00
2025-09-11 09:31:00-04:00,2025-09-11 09:32:00-04:00,long,am,fvg,23953.5,23945.935714285715,23968.62857142857,23968.62857142857,win,1.735599622285142,2025-09-11 08:30:00-04:00,2025-09-11 08:45:00-04:00
2025-09-11 09:50:00-04:00,2025-09-11 09:57:00-04:00,long,am,fvg,23920.8,23901.57857142857,23959.242857142857,23959.242857142857,win,1.8959494611668548,2025-09-11 08:30:00-04:00,2025-09-11 08:45:00-04:00
2025-09-11 10:41:00-04:00,2025-09-11 10:45:00-04:00,long,am,fvg,23989.2,23979.364285714288,24008.871428571427,23979.364285714288,loss,-1.203340595497484,2025-09-11 08:30:00-04:00,2025-09-11 08:45:00-04:00
2025-09-12 09:30:00-04:00,2025-09-12 09:31:00-04:00,long,am,fvg,24032.6,24027.6,24042.6,24027.6,loss,-1.4,2025-09-12 04:15:00-04:00,2025-09-12 07:45:00-04:00
2025-09-18 10:17:00-04:00,2025-09-18 10:20:00-04:00,long,am,fvg,24534.5,24523.957142857143,24555.585714285713,24555.585714285713,win,1.8102981029810186,2025-09-18 09:45:00-04:00,2025-09-18 10:15:00-04:00
2025-09-18 10:22:00-04:00,2025-09-18 10:25:00-04:00,long,am,fvg,24538.8,24528.785714285714,24558.82857142857,24558.82857142857,win,1.8002853067047033,2025-09-18 09:45:00-04:00,2025-09-18 10:15:00-04:00
2025-09-18 10:28:00-04:00,2025-09-18 10:30:00-04:00,long,am,fvg,24559.1,24547.681428571428,24581.93714285714,24581.93714285714,win,1.8248467408982707,2025-09-18 09:45:00-04:00,2025-09-18 10:15:00-04:00
2025-09-18 10:32:00-04:00,2025-09-18 10:33:00-04:00,long,am,fvg,24577.6,24566.671428571426,24599.457142857143,24566.671428571426,loss,-1.183006535947695,2025-09-18 09:45:00-04:00,2025-09-18 10:15:00-04:00
2025-09-18 11:06:00-04:00,2025-09-18 11:11:00-04:00,long,am,fvg,24534.6,24522.064285714285,24559.671428571426,24559.671428571426,win,1.8404558404558338,2025-09-18 09:45:00-04:00,2025-09-18 10:15:00-04:00
2025-09-18 11:13:00-04:00,2025-09-18 11:17:00-04:00,long,am,fvg,24545.7,24533.157142857144,24570.785714285714,24570.785714285714,win,1.8405466970387165,2025-09-18 09:45:00-04:00,2025-09-18 10:15:00-04:00
2025-09-18 11:21:00-04:00,2025-09-18 11:24:00-04:00,long,am,fvg,24584.4,24573.328571428574,24606.542857142857,24573.328571428574,loss,-1.1806451612903395,2025-09-18 09:45:00-04:00,2025-09-18 10:15:00-04:00
2025-09-18 11:34:00-04:00,2025-09-18 11:36:00-04:00,long,am,fvg,24569.8,24561.642857142855,24586.114285714288,24561.642857142855,loss,-1.2451838879158963,2025-09-18 09:45:00-04:00,2025-09-18 10:15:00-04:00
2025-09-23 04:21:00-04:00,2025-09-23 04:32:00-04:00,long,london,fvg,24806.3,24801.3,24816.3,24801.3,loss,-1.4,2025-09-23 00:30:00-04:00,2025-09-23 04:15:00-04:00
2025-09-23 04:54:00-04:00,2025-09-23 04:58:00-04:00,long,london,fvg,24796.8,24791.8,24806.8,24791.8,loss,-1.4,2025-09-23 00:30:00-04:00,2025-09-23 04:15:00-04:00
2025-09-26 09:32:00-04:00,2025-09-26 09:39:00-04:00,long,am,fvg,24474.2,24460.885714285716,24500.82857142857,24500.82857142857,win,1.8497854077253113,2025-09-26 05:00:00-04:00,2025-09-26 08:30:00-04:00
